gene_id	LB_10.5_NA_1	LB_10.5_NA_2	SM_0_NA_1	SM_0_NA_2	MB_1	MB_2	MT_1	MT_2
ENSMUSG00000099183.1	0	0	1	4	12	4	12	19
ENSMUSG00000065559.1	96	350	298316	447669	70786	15451	2584038	4111798
ENSMUSG00000065480.1	4	25	2556	4440	2433	306	103180	104254
ENSMUSG00000065405.3	18023	20008	17696	20188	223146	132440	46398	64996
ENSMUSG00000065567.1	125	57	51	87	5289	1440	535	812
ENSMUSG00000105982.1	0	0	1	4	31	13	9	25
ENSMUSG00000092852.1	14	1	9	10	0	0	0	0
ENSMUSG00000098752.1	14	6	4	4	76	32	24	19
ENSMUSG00000098680.1	4	1	2	0	6	7	3	4
ENSMUSG00000106081.1	0	0	0	0	0	0	0	0
ENSMUSG00000105211.1	2	3	6	3	47	17	11	17
ENSMUSG00000098443.1	0	0	0	0	1	0	0	3
ENSMUSG00000092705.1	1	5	0	1	0	0	0	0
ENSMUSG00000098487.1	0	0	1	2	8	4	1	2
ENSMUSG00000065468.1	67094	74845	68586	82022	411669	79904	9081	5764
ENSMUSG00000065616.3	3952	3444	160	107	36	13	1	12
ENSMUSG00000099204.2	0	0	0	0	1	0	0	0
ENSMUSG00000093782.1	1	1	0	1	0	1	0	0
ENSMUSG00000093254.1	198	18	3	8	13	2	61	153
ENSMUSG00000098634.1	0	0	0	1	0	0	0	0
ENSMUSG00000104627.1	370	200	88	66	248	276	65	43
ENSMUSG00000084468.1	0	0	0	0	0	0	0	1
ENSMUSG00000098288.1	22	20	8	15	91	24	13	11
ENSMUSG00000065470.1	27075	19887	16581	29169	209047	45094	58682	78869
ENSMUSG00000098997.1	0	2	1	1	32	8	5	4
ENSMUSG00000106302.1	0	1	2	0	6	3	3	1
ENSMUSG00000098344.1	0	1	0	0	0	0	0	0
ENSMUSG00000065520.2	240	159	2090	3597	589	214	732	1048
ENSMUSG00000065435.1	2747	3395	39	33	366	88	121	89
ENSMUSG00000098606.1	0	1	2	10	49	10	30	23
ENSMUSG00000093515.1	1	6	1	2	67	21	21	54
ENSMUSG00000065565.1	5264	6979	1874	2717	21942	7002	4267	3757
ENSMUSG00000065458.1	177	267	20	19	261	143	44	77
ENSMUSG00000106406.1	2	4	2	2	4	0	1	2
ENSMUSG00000099227.1	61	51	44	59	348	77	69	74
ENSMUSG00000070103.2	39	40	10	12	0	0	0	0
ENSMUSG00000105399.1	36	32	92	126	647	290	371	337
ENSMUSG00000089204.1	5	0	0	1	61	20	6	19
ENSMUSG00000070126.1	1173	1462	357	273	1546	632	222	225
ENSMUSG00000065516.1	59425	73364	23463	27794	127330	35336	17890	32838
ENSMUSG00000098259.1	0	0	0	0	5	0	0	0
ENSMUSG00000088246.1	22	14	0	0	0	0	2	0
ENSMUSG00000099119.1	50	33	3	5	298	93	17	38
ENSMUSG00000065573.1	1165	1628	766	950	37699	11682	6272	5307
ENSMUSG00000098926.1	1	0	1	0	2	0	0	0
ENSMUSG00000088559.1	380	357	314	314	1192	486	536	605
ENSMUSG00000105770.1	11	6	42	71	741	268	243	502
ENSMUSG00000065581.1	2	1	1	1	31	6	6	8
ENSMUSG00000065562.1	5	2	9	5	40	15	11	11
ENSMUSG00000106474.1	2	0	0	0	0	0	3	4
ENSMUSG00000093003.1	0	0	0	0	5	0	1	0
ENSMUSG00000065533.1	18026	16404	3167	92	256	132	33	33
ENSMUSG00000092633.1	0	3	4	5	10	2	1	0
ENSMUSG00000065412.3	4	1	6	3	458	159	61	103
ENSMUSG00000065548.1	144	130	259	414	5489	2725	1954	1383
ENSMUSG00000080500.1	2	0	0	0	3	0	0	0
ENSMUSG00000092793.1	0	0	0	0	0	0	0	0
ENSMUSG00000077038.1	5	2	0	0	1	0	1	0
ENSMUSG00000080653.1	76	39	11	20	134	65	15	7
ENSMUSG00000077834.1	0	0	0	0	0	0	0	0
ENSMUSG00000077998.1	1	0	0	0	0	0	0	0
ENSMUSG00000076959.1	1100	766	293	355	1944	677	50	51
ENSMUSG00000080504.1	0	0	0	0	0	1	0	0
ENSMUSG00000077981.1	0	0	0	0	0	0	0	0
ENSMUSG00000076983.2	3	6	1	6	15	5	1	0
ENSMUSG00000078026.1	1	1	0	1	0	0	0	0
ENSMUSG00000077049.2	4282	3547	717	845	13063	2346	694	194
ENSMUSG00000076028.1	3	0	0	0	7	6	0	0
ENSMUSG00000095843.1	0	0	0	0	0	0	0	0
ENSMUSG00000096624.1	9	1	0	0	18	2	0	0
ENSMUSG00000094190.1	0	0	0	0	2	0	0	0
ENSMUSG00000095509.1	15	3	0	3	36	2	2	0
ENSMUSG00000080405.1	0	0	0	0	0	0	0	0
ENSMUSG00000076994.2	1	3	1	0	4	2	1	0
ENSMUSG00000094327.1	0	1	0	0	0	0	0	0
ENSMUSG00000076948.2	2459	1664	1132	1388	7627	2554	582	152
ENSMUSG00000077113.2	1	0	0	0	1	0	0	0
ENSMUSG00000080624.1	0	2	0	0	1	0	0	0
ENSMUSG00000077021.2	3970	2729	1151	1357	14661	3535	1253	307
ENSMUSG00000070099.1	0	0	1	0	3	2	0	0
ENSMUSG00000076976.2	0	0	0	0	0	0	0	0
ENSMUSG00000076118.1	285	182	136	119	386	129	36	53
ENSMUSG00000077104.1	0	0	0	0	1	0	0	0
ENSMUSG00000092961.1	1	1	1	1	3	0	0	0
ENSMUSG00000092697.1	5	2	0	0	2	0	0	1
ENSMUSG00000076222.1	0	2	0	0	2	3	0	0
ENSMUSG00000078031.1	2	0	1	2	0	0	0	0
ENSMUSG00000089570.1	1	1	0	0	0	0	0	0
ENSMUSG00000088980.1	0	1	0	0	0	0	0	0
ENSMUSG00000077991.1	42	49	14	13	211	43	0	0
ENSMUSG00000077086.1	929	800	293	302	1968	632	94	29
ENSMUSG00000078025.1	0	3	0	1	0	1	0	0
ENSMUSG00000077941.1	1	0	0	0	2	0	1	0
ENSMUSG00000078060.1	4	1	0	0	2	3	0	2
ENSMUSG00000080686.1	0	0	0	0	2	0	0	0
ENSMUSG00000080594.1	16	15	1	3	31	17	2	0
ENSMUSG00000077897.1	2	3	93	57	1	1	0	2
ENSMUSG00000099050.1	78	55	7	6	111	26	3	0
ENSMUSG00000092845.1	0	0	0	0	1	0	0	0
ENSMUSG00000099320.1	0	0	0	0	5	2	1	0
ENSMUSG00000104741.1	0	0	0	3	2	0	0	0
ENSMUSG00000098548.1	0	3	4	8	5	0	5	2
ENSMUSG00000065540.1	6	3	2	7	0	1	0	0
ENSMUSG00000076364.1	1	0	0	0	1	0	0	0
ENSMUSG00000092832.1	8	1	0	2	31	6	1	1
ENSMUSG00000098453.1	7	1	4	3	37	7	2	7
ENSMUSG00000093091.1	0	2	0	0	126	35	12	25
ENSMUSG00000098904.1	7	1	1	7	20	10	8	4
ENSMUSG00000099075.1	1	1	1	2	13	4	1	7
ENSMUSG00000092765.3	4	3	3	3	3	1	0	1
ENSMUSG00000092807.1	4211	6722	1108	1075	909	220	655	429
ENSMUSG00000093336.1	0	0	0	1	0	0	0	0
ENSMUSG00000098972.1	1	0	3	0	7	1	0	3
ENSMUSG00000093280.1	0	0	0	0	2	0	0	1
ENSMUSG00000105841.1	0	1	0	0	1	0	0	0
ENSMUSG00000092958.1	8	9	0	2	1	0	0	0
ENSMUSG00000065423.1	2042	1531	293	668	768	868	298	176
ENSMUSG00000065578.1	5139	9606	1014	897	3563	1847	1934	4248
ENSMUSG00000092679.1	0	0	0	3	4	2	1	2
ENSMUSG00000098437.1	0	1	0	0	1	1	0	0
ENSMUSG00000098299.1	22	13	2	4	42	25	5	9
ENSMUSG00000098734.1	1	0	0	0	0	0	0	0
ENSMUSG00000065500.3	299541	200407	34876	43762	9	4	0	0
ENSMUSG00000093242.1	1	1	0	0	0	1	0	0
ENSMUSG00000106252.1	0	0	0	0	0	0	0	0
ENSMUSG00000065484.1	68669	75249	36749	42548	385429	100062	105772	185974
ENSMUSG00000098651.1	0	0	0	1	0	0	0	0
ENSMUSG00000088639.1	159	109	40	26	762	137	76	49
ENSMUSG00000099093.1	1	1	1	3	0	0	0	0
ENSMUSG00000099238.1	0	0	0	0	0	0	0	0
ENSMUSG00000065511.1	0	0	2	0	0	0	0	0
ENSMUSG00000076335.1	5	1	3	6	4	0	0	0
ENSMUSG00000084516.1	0	0	0	0	1	0	0	0
ENSMUSG00000098464.1	0	0	0	1	4	1	3	7
ENSMUSG00000088606.1	3	2	0	1	3	3	0	0
ENSMUSG00000076376.1	4611	3709	1495	1754	26118	16996	5035	10360
ENSMUSG00000098632.1	4	0	0	0	2	3	0	1
ENSMUSG00000105465.1	0	1	0	0	6	0	0	0
ENSMUSG00000080374.1	0	0	0	1	0	0	1	0
ENSMUSG00000104603.1	0	0	1	0	0	0	0	0
ENSMUSG00000076309.2	23	20	11	16	819	289	307	1106
ENSMUSG00000098896.1	6	3	2	0	28	8	1	7
ENSMUSG00000098686.1	0	0	0	0	0	0	0	0
ENSMUSG00000065563.1	355	432	107	83	1763	662	203	196
ENSMUSG00000093338.1	0	1	0	0	0	0	0	0
ENSMUSG00000088983.1	0	0	0	0	0	0	0	0
ENSMUSG00000088491.1	6	3	1	3	149	46	44	48
ENSMUSG00000093746.1	8	7	1	0	53	14	1	0
ENSMUSG00000076216.1	0	0	0	0	0	0	0	0
ENSMUSG00000076312.1	22	10	2150	3215	21	6	4273	3733
ENSMUSG00000077990.1	11	16	3	3	5	2	0	7
ENSMUSG00000098765.1	0	0	0	0	2	0	45	100
ENSMUSG00000093120.1	8	8	8	1	22	1	11	6
ENSMUSG00000099091.1	2	1	0	0	20	2	1	3
ENSMUSG00000098489.1	0	0	0	0	3	0	0	0
ENSMUSG00000092923.1	0	0	0	0	0	0	0	0
ENSMUSG00000105496.1	0	1	0	2	0	0	0	0
ENSMUSG00000080415.1	1	0	0	0	0	0	0	0
ENSMUSG00000098588.1	0	0	0	0	0	0	0	0
ENSMUSG00000065521.1	18534	15067	7249	8878	28019	3553	9883	15394
ENSMUSG00000065410.1	17776	13724	14017	18474	38293	27198	19099	10706
ENSMUSG00000098735.1	0	0	0	3	1	1	2	2
ENSMUSG00000092827.1	4	5	0	2	70	26	3	13
ENSMUSG00000070144.1	0	0	24	46	0	0	23	28
ENSMUSG00000065460.1	0	0	4	6	0	0	8	10
ENSMUSG00000065454.2	2	1	0	0	7	0	1	0
ENSMUSG00000098824.1	3	0	0	0	1	0	0	0
ENSMUSG00000099105.1	0	0	30	31	0	0	0	0
ENSMUSG00000092695.1	0	2	0	0	87	25	14	23
ENSMUSG00000092990.1	0	0	0	0	0	0	0	0
ENSMUSG00000076120.1	1	19	2	2	0	0	0	0
ENSMUSG00000098315.1	0	0	0	0	7	1	2	0
ENSMUSG00000098890.1	6	2	2	0	11	7	7	15
ENSMUSG00000098808.1	0	0	3	0	8	3	1	1
ENSMUSG00000098944.1	3	2	1	3	24	9	5	9
ENSMUSG00000065580.2	4601	3800	2355	2639	43736	16630	2187	1017
ENSMUSG00000065606.1	1338	1456	1062	852	18886	10698	1437	587
ENSMUSG00000093226.1	0	0	0	0	0	1	0	0
ENSMUSG00000098712.1	0	0	0	0	0	0	0	0
ENSMUSG00000093230.1	0	0	0	0	0	0	0	0
ENSMUSG00000092988.1	0	1	0	0	0	0	0	1
ENSMUSG00000098655.1	0	0	0	0	2	0	0	0
ENSMUSG00000084728.1	2	0	0	0	0	0	0	0
ENSMUSG00000076255.2	1844	1378	31	25	796	191	38	44
ENSMUSG00000098397.1	5	1	3	4	42	25	5	2
ENSMUSG00000077996.1	55	53	67	124	615	102	90	72
ENSMUSG00000099199.1	0	0	0	1	2	0	0	0
ENSMUSG00000099033.1	6	1	1	0	34	11	8	5
ENSMUSG00000098737.1	0	0	0	0	17	6	1	3
ENSMUSG00000106431.1	0	3	0	0	5	1	0	5
ENSMUSG00000098381.1	0	0	0	0	0	0	1	2
ENSMUSG00000098918.1	0	0	0	0	0	0	0	0
ENSMUSG00000065569.2	283	440	119	133	10	8	13	11
ENSMUSG00000093000.1	0	0	0	0	0	0	0	0
ENSMUSG00000076456.1	869	571	23	49	124	18	59	76
ENSMUSG00000104773.1	0	0	0	0	1	0	0	0
ENSMUSG00000105116.1	0	0	0	0	0	0	0	0
ENSMUSG00000076252.1	5918	1712	2	6	0	3	0	0
ENSMUSG00000065482.1	1059	378	1	1	0	0	0	0
ENSMUSG00000065552.1	8191	3247	4	3	0	0	0	0
ENSMUSG00000065447.1	5975	2356	7	5	0	0	0	0
ENSMUSG00000065413.2	1	5	0	0	0	0	0	0
ENSMUSG00000106439.1	0	0	0	0	0	0	0	0
ENSMUSG00000088373.3	1	0	0	1	13	2	1	1
ENSMUSG00000099169.1	23	54	140	207	910	164	85	56
ENSMUSG00000092830.1	0	0	0	0	0	0	0	0
ENSMUSG00000065431.1	1659	1255	1213	1831	13772	5651	3332	6152
ENSMUSG00000092724.1	0	0	1	0	3	1	3	0
ENSMUSG00000106355.1	17	9	15	12	233	53	12	38
ENSMUSG00000098310.1	0	1	0	0	4	0	0	1
ENSMUSG00000065452.1	0	1	1	0	0	0	0	0
ENSMUSG00000094959.1	0	0	0	0	1	0	0	0
ENSMUSG00000095871.1	0	0	0	0	3	0	0	0
ENSMUSG00000092862.1	4	6	3	9	32	10	1	3
ENSMUSG00000092675.1	0	0	1	1	1	1	0	0
ENSMUSG00000092761.1	0	0	0	0	3	0	3	2
ENSMUSG00000088892.1	0	0	0	0	0	0	2	0
ENSMUSG00000065544.1	858	734	370	412	9328	2302	327	67
ENSMUSG00000093293.1	41	29	3	2	37	13	6	17
ENSMUSG00000070102.1	3100	2484	5172	5061	2409	995	448	386
ENSMUSG00000070077.2	0	9	8	9	101	32	183	322
ENSMUSG00000065408.1	211	149	179	211	862483	420880	70809	14777
ENSMUSG00000077921.1	9521	9033	3434	4289	84708	22922	7706	4757
ENSMUSG00000092763.1	0	0	0	0	0	0	0	0
ENSMUSG00000065451.1	311	237	441	629	2194	1048	553	1319
ENSMUSG00000092723.1	2	0	0	0	0	0	0	0
ENSMUSG00000076444.1	0	0	0	0	0	0	0	0
ENSMUSG00000098596.1	6	10	0	0	2	2	0	0
ENSMUSG00000065490.1	248	261	87	126	1813	534	593	849
ENSMUSG00000106436.1	0	0	0	0	2	2	0	0
ENSMUSG00000076271.1	0	0	0	0	0	0	0	0
ENSMUSG00000076119.1	0	0	0	0	6	0	0	6
ENSMUSG00000098831.1	5	4	0	0	15	4	3	2
ENSMUSG00000099070.1	0	0	0	0	0	0	0	0
ENSMUSG00000098422.1	1	0	0	2	5	1	7	4
ENSMUSG00000080597.2	0	0	0	0	0	0	0	0
ENSMUSG00000099202.1	5	1	6	10	10	0	5	2
ENSMUSG00000092745.1	6	1	2	3	38	4	7	1
ENSMUSG00000104566.1	3	1	2	1	8	5	5	2
ENSMUSG00000092812.1	6	7	0	0	34	6	2	4
ENSMUSG00000076123.1	522	432	384	528	4585	1185	1774	2735
ENSMUSG00000099134.1	5	10	15	19	76	24	37	34
ENSMUSG00000098513.1	26	15	0	1	20	7	0	0
ENSMUSG00000099200.1	0	5	4	10	0	0	0	0
ENSMUSG00000098364.1	2	1	0	0	1	1	1	1
ENSMUSG00000092909.1	15	2	0	0	2	0	1	0
ENSMUSG00000087943.1	50	21	0	1	0	0	3	0
ENSMUSG00000098569.1	0	0	1	1	3	3	1	4
ENSMUSG00000089294.1	0	0	1	0	0	0	0	0
ENSMUSG00000093071.1	0	2	0	0	0	0	0	0
ENSMUSG00000106597.1	17	18	4	13	52	14	8	2
ENSMUSG00000099043.1	0	0	0	0	4	1	1	0
ENSMUSG00000093403.1	6	4	2	4	64	21	10	18
ENSMUSG00000098580.1	0	0	0	0	0	0	0	0
ENSMUSG00000106221.1	0	0	0	0	0	0	0	0
ENSMUSG00000065493.1	153	158	512	575	77810	22207	14865	4664
ENSMUSG00000065427.1	10982	7903	710	50	21	7	0	0
ENSMUSG00000065400.1	678	460	41	2	9	4	0	4
ENSMUSG00000065549.3	2972	2792	280	23	8	6	0	2
ENSMUSG00000098954.1	29	12	7	4	97	12	6	8
ENSMUSG00000077896.1	4	9	4	4	2	0	0	0
ENSMUSG00000089244.1	0	0	0	0	1	0	0	0
ENSMUSG00000076387.1	1506	1815	625	534	20076	7178	6359	15080
ENSMUSG00000088113.1	6	3	3	6	25	9	2	10
ENSMUSG00000093710.1	1	0	0	0	10	0	0	0
ENSMUSG00000099301.1	0	0	0	0	0	0	0	0
ENSMUSG00000098830.1	2	0	0	0	9	1	0	11
ENSMUSG00000099082.1	7	4	1	1	31	8	1	5
ENSMUSG00000093097.1	21	14	15	5	156	60	43	62
ENSMUSG00000098884.1	120	87	787	1081	1639	382	1070	1303
ENSMUSG00000065603.1	18	22	3	6	189	35	38	84
ENSMUSG00000098726.1	0	0	1	0	0	0	0	0
ENSMUSG00000077042.2	127	109	792	1063	6555	1483	2014	1443
ENSMUSG00000099060.1	5	4	1	1	19	3	1	2
ENSMUSG00000093061.1	0	2	0	0	2	4	3	2
ENSMUSG00000106074.1	0	0	0	1	0	0	0	0
ENSMUSG00000089268.1	0	0	0	0	3	0	0	0
ENSMUSG00000105814.1	0	0	0	0	0	0	0	1
ENSMUSG00000088742.1	1	0	0	0	1	0	0	0
ENSMUSG00000093690.1	8	7	3	3	136	36	11	16
ENSMUSG00000099284.1	11	7	1	2	25	7	1	2
ENSMUSG00000076163.1	311	337	188	257	2223	570	478	145
ENSMUSG00000098731.1	3	0	0	0	2	0	0	2
ENSMUSG00000098656.1	1	0	0	0	4	1	0	0
ENSMUSG00000098343.1	227	119	25	31	262	136	436	532
ENSMUSG00000099047.1	1	2	0	0	5	4	0	4
ENSMUSG00000099254.1	0	0	1	0	5	0	0	0
ENSMUSG00000099063.1	0	1	1	1	35	13	4	7
ENSMUSG00000099324.1	0	0	0	0	0	0	0	0
ENSMUSG00000098951.1	7	6	2	3	38	2	1	3
ENSMUSG00000098454.1	1	0	2	2	33	11	4	8
ENSMUSG00000099144.1	2	1	0	2	10	1	0	0
ENSMUSG00000093311.1	0	0	0	0	8	1	0	1
ENSMUSG00000106323.1	0	0	0	0	1	0	0	0
ENSMUSG00000099212.1	1	4	0	3	44	15	2	20
ENSMUSG00000099197.1	2	1	0	0	10	3	1	2
ENSMUSG00000099003.1	2	0	0	1	76	14	13	8
ENSMUSG00000076240.1	390	290	44	31	460	201	13	43
ENSMUSG00000099145.1	0	0	0	0	0	0	0	0
ENSMUSG00000098624.1	6	4	0	1	16	2	1	2
ENSMUSG00000098597.1	1	2	3	4	49	4	3	5
ENSMUSG00000065394.1	3074	2783	1202	1479	14049	4121	2173	2566
ENSMUSG00000065527.1	51690	59673	4758	4064	150893	40991	18804	19952
ENSMUSG00000065514.1	33023	32674	4099	4553	122764	35588	15957	12679
ENSMUSG00000092916.1	0	0	0	0	0	0	0	0
ENSMUSG00000065593.1	1826	1827	1219	1554	8754	2569	2898	2784
ENSMUSG00000098574.1	0	2	0	0	1	0	1	0
ENSMUSG00000098319.1	0	3	0	1	11	0	6	2
ENSMUSG00000098822.1	1	2	0	3	29	2	6	10
ENSMUSG00000098687.1	0	0	0	0	12	2	4	9
ENSMUSG00000105790.1	0	0	0	0	0	1	0	1
ENSMUSG00000076357.2	4	8	25	56	0	0	0	0
ENSMUSG00000070107.1	0	0	9	10	0	0	0	0
ENSMUSG00000076067.1	65	38	35	55	11	0	3	0
ENSMUSG00000065469.1	0	2	0	7	7	4	0	2
ENSMUSG00000092956.1	0	4	0	0	1	0	1	0
ENSMUSG00000104796.1	0	0	0	0	0	0	0	0
ENSMUSG00000076361.1	12008	11901	833	268	30889	13704	24988	38990
ENSMUSG00000065586.1	3178	2740	196	83	11693	2279	7365	3511
ENSMUSG00000065619.2	9702	6875	385	224	16941	5048	4846	4704
ENSMUSG00000065501.1	594634	667561	212934	235055	6093	3221	53942	21280
ENSMUSG00000065610.1	42	40	720	862	529739	152181	46503	44286
ENSMUSG00000065604.2	0	1	6	5	6137	1997	47	62
ENSMUSG00000070075.1	4	2	16	13	0	0	0	0
ENSMUSG00000098285.1	0	0	0	2	3	3	0	0
ENSMUSG00000076060.1	2	1	0	0	3	0	0	2
ENSMUSG00000092928.1	0	0	0	1	5	2	0	0
ENSMUSG00000065505.1	1928	1721	3991	2975	3356	1753	314	424
ENSMUSG00000065443.1	193189	264545	35483	39001	205342	51969	12849	2905
ENSMUSG00000098623.1	73	82	58	62	564	149	96	139
ENSMUSG00000099035.1	0	0	2	0	19	4	1	0
ENSMUSG00000076012.1	0	0	0	0	1	0	0	1
ENSMUSG00000106591.1	7	9	2	8	17	3	1	1
ENSMUSG00000099095.1	0	0	0	0	0	0	0	0
ENSMUSG00000098531.1	1	0	0	2	3	1	2	3
ENSMUSG00000088699.1	1	0	0	0	0	0	0	0
ENSMUSG00000105697.1	1	1	0	0	5	1	0	1
ENSMUSG00000106581.1	6	5	3	0	24	9	4	5
ENSMUSG00000099163.1	1	1	0	2	4	1	1	1
ENSMUSG00000098334.1	0	0	5	6	0	0	0	0
ENSMUSG00000098583.1	0	0	0	0	0	1	0	0
ENSMUSG00000093079.1	0	0	0	0	1	0	0	0
ENSMUSG00000106580.1	1	0	0	1	4	2	2	1
ENSMUSG00000065474.1	834	653	117	9	76	38	8	15
ENSMUSG00000065462.3	6440	3577	685	65	235	76	26	4
ENSMUSG00000098762.1	0	0	0	0	8	2	0	0
ENSMUSG00000093157.1	5	4	3	1	35	7	7	11
ENSMUSG00000098856.1	0	0	0	0	0	0	0	1
ENSMUSG00000105415.1	0	0	0	0	0	0	0	0
ENSMUSG00000078008.1	59	13	3	1	0	1	0	1
ENSMUSG00000078032.1	27	17	1	0	0	0	0	0
ENSMUSG00000078035.1	456	195	10	2	14	0	4	0
ENSMUSG00000077903.1	309	54	9	1	8	4	2	2
ENSMUSG00000077886.1	31	14	0	0	3	0	0	1
ENSMUSG00000094210.1	16	23	13	6	43	3	3	9
ENSMUSG00000093290.1	10	14	5	5	21	7	8	24
ENSMUSG00000077965.1	0	0	0	0	1	0	0	0
ENSMUSG00000092815.1	168	187	239	379	99	22	82	85
ENSMUSG00000093599.1	3	2	4	3	25	7	2	3
ENSMUSG00000092659.1	0	3	10	29	17	6	54	78
ENSMUSG00000065543.1	874	765	422	532	1919	709	608	967
ENSMUSG00000098802.1	1	0	0	4	2	3	0	1
ENSMUSG00000099258.1	0	0	0	0	0	0	0	0
ENSMUSG00000098441.1	0	0	0	0	0	0	0	0
ENSMUSG00000098325.1	0	0	0	2	1	0	0	1
ENSMUSG00000093348.1	5	0	3	1	5	3	0	4
ENSMUSG00000080533.1	51	25	7	8	250	84	6	4
ENSMUSG00000098558.1	1	1	3	1	16	2	0	3
ENSMUSG00000105563.1	0	0	0	0	0	0	0	0
ENSMUSG00000089219.1	0	0	6	9	0	0	1	5
ENSMUSG00000089139.1	4	12	5	9	71	25	7	18
ENSMUSG00000098873.1	2	1	2	1	9	4	2	1
ENSMUSG00000106236.1	0	2	3	6	104	14	14	23
ENSMUSG00000098553.1	0	1	1	0	5	5	1	5
ENSMUSG00000098783.1	0	0	0	0	1	0	0	0
ENSMUSG00000099210.1	0	5	6	7	1	4	5	3
ENSMUSG00000098661.1	3	1	2	3	6	1	7	26
ENSMUSG00000099330.1	3	1	0	2	2	3	0	0
ENSMUSG00000076051.1	0	0	0	0	1	1	0	0
ENSMUSG00000098839.1	3	1	2	1	19	6	1	3
ENSMUSG00000065495.1	14	4	108	135	109	27	2	15
ENSMUSG00000105913.1	76	87	29	56	1253	267	261	793
ENSMUSG00000076036.1	2	0	0	0	24	703	4	2
ENSMUSG00000098960.1	0	0	0	0	0	0	0	0
ENSMUSG00000099176.1	2	0	0	0	0	0	0	0
ENSMUSG00000099203.1	0	0	0	0	0	0	0	0
ENSMUSG00000092847.1	0	0	0	0	1	1	0	0
ENSMUSG00000096893.1	0	0	0	0	3	2	0	1
ENSMUSG00000093019.1	0	0	0	0	7	1	0	1
ENSMUSG00000095292.1	0	0	0	0	75	44	1	4
ENSMUSG00000077869.1	3	0	0	0	0	0	0	0
ENSMUSG00000093170.1	2	0	1	0	262	199	15	2
ENSMUSG00000092921.1	2	2	4	4	72	22	5	4
ENSMUSG00000077107.1	0	0	0	0	1	3	1	1
ENSMUSG00000092850.1	0	0	8	10	0	0	1	1
ENSMUSG00000093108.1	2	4	1	3	0	0	0	0
ENSMUSG00000094304.1	0	0	0	0	0	0	0	0
ENSMUSG00000065585.1	213	155	15	9	3	6	1	3
ENSMUSG00000098353.1	0	1	0	0	9	2	4	4
ENSMUSG00000065609.1	52	47	1	1	190	89	18	25
ENSMUSG00000093238.1	7	5	2	1	2	0	0	1
ENSMUSG00000104618.1	76	92	334	452	1316	915	1306	1038
ENSMUSG00000076143.1	3395	4223	2718	1355	8193	2553	5605	3979
ENSMUSG00000065571.1	78	83	40	47	1010	326	135	160
ENSMUSG00000093296.1	743	399	363	609	3063	1197	931	1784
ENSMUSG00000065446.1	4196	3313	20867	29404	9228	2683	3569	4402
ENSMUSG00000105232.1	2	1	0	0	1	0	0	0
ENSMUSG00000099017.1	1	0	0	0	0	0	0	0
ENSMUSG00000098540.1	6	0	2	1	4	0	2	0
ENSMUSG00000098267.1	0	1	0	2	3	2	0	2
ENSMUSG00000105918.1	1	0	0	0	0	1	0	0
ENSMUSG00000076454.1	1	0	0	0	0	2	0	6
ENSMUSG00000093215.1	0	0	0	0	5	4	0	6
ENSMUSG00000104914.1	0	0	1	0	3	3	2	1
ENSMUSG00000088141.1	0	0	0	0	0	0	0	0
ENSMUSG00000105165.1	0	0	0	0	0	0	0	0
ENSMUSG00000065502.1	0	0	0	2	3	1	0	0
ENSMUSG00000099092.1	4	4	1	1	3	1	2	5
ENSMUSG00000065551.1	807	877	1829	2597	6386	2417	17831	24153
ENSMUSG00000098759.1	3	3	2	4	53	15	9	7
ENSMUSG00000092652.1	0	0	0	0	0	0	0	0
ENSMUSG00000076275.1	836	898	443	700	3778	1018	2568	2309
ENSMUSG00000070140.1	20656	10853	26220	48273	638	149	4720	6812
ENSMUSG00000098593.1	6	6	3	4	66	4	1	3
ENSMUSG00000093221.1	8	4	0	0	1391	514	170	55
ENSMUSG00000093281.1	0	0	0	0	0	0	0	0
ENSMUSG00000098917.1	92	62	2	8	111	39	39	72
ENSMUSG00000104958.1	6	4	3	5	41	11	0	5
ENSMUSG00000105030.1	0	1	0	0	0	0	0	0
ENSMUSG00000098532.1	0	0	0	0	0	0	0	0
ENSMUSG00000088054.1	55	43	9	16	81	23	303	253
ENSMUSG00000104767.1	1	2	2	0	15	7	0	5
ENSMUSG00000093142.1	0	0	0	1	0	0	0	0
ENSMUSG00000099142.1	1	0	0	0	0	0	1	1
ENSMUSG00000065457.3	65	46	22	19	57	18	11	20
ENSMUSG00000098431.1	12	16	5	12	122	25	30	33
ENSMUSG00000076042.1	0	0	0	0	0	0	0	0
ENSMUSG00000099042.1	0	0	0	0	0	0	0	0
ENSMUSG00000099031.1	1	0	0	1	11	3	11	34
ENSMUSG00000098710.1	7	3	1	1	33	6	4	3
ENSMUSG00000088248.1	24	17	5	8	19	6	6	2
ENSMUSG00000098976.1	0	0	0	0	0	0	0	0
ENSMUSG00000099079.1	6	12	3	7	41	10	9	17
ENSMUSG00000093140.1	3	0	0	0	166	22	9	3
ENSMUSG00000098465.1	0	1	1	4	6	3	0	6
ENSMUSG00000105569.1	2	0	0	0	0	0	0	0
ENSMUSG00000105878.1	0	0	0	0	0	0	0	0
ENSMUSG00000098823.1	7	7	1	8	5	0	0	2
ENSMUSG00000080665.1	6	1	0	1	40	12	25	34
ENSMUSG00000076338.1	14102	17897	2706	2877	32749	12693	8211	12203
ENSMUSG00000065483.2	11847	17303	5698	7784	34786	10232	9039	16871
ENSMUSG00000065611.1	18969	15237	74615	96305	1993739	478340	221083	237074
ENSMUSG00000065444.1	397	350	1678	2320	249147	100586	24412	19131
ENSMUSG00000065541.1	0	0	0	0	0	0	0	0
ENSMUSG00000098331.1	14	13	6	5	40	15	10	15
ENSMUSG00000092826.1	0	0	0	0	0	0	0	0
ENSMUSG00000099076.1	1	7	3	4	44	2	9	5
ENSMUSG00000089213.1	61	14	1	1	0	0	7	4
ENSMUSG00000098388.1	2	0	0	0	0	1	0	1
ENSMUSG00000099080.1	6	2	1	5	28	9	6	5
ENSMUSG00000099078.1	0	0	0	0	4	0	0	0
ENSMUSG00000065512.3	257	295	121	94	442	219	232	276
ENSMUSG00000106145.1	7	3	1	5	11	1	2	2
ENSMUSG00000099127.1	0	0	0	0	0	0	0	0
ENSMUSG00000070130.1	380	375	907	1663	4629	1311	2017	2779
ENSMUSG00000089432.1	0	0	1	1	9	2	3	10
ENSMUSG00000099131.1	0	0	0	0	5	1	3	2
ENSMUSG00000098671.1	6	7	6	4	44	6	4	13
ENSMUSG00000065439.1	7083	17048	24555	4959	420583	308130	84554	82263
ENSMUSG00000093241.1	2	7	0	0	31	18	7	16
ENSMUSG00000105131.1	1	0	0	0	0	0	0	0
ENSMUSG00000093087.1	9	2	0	0	103	38	18	9
ENSMUSG00000098410.1	0	0	0	0	0	0	0	0
ENSMUSG00000099062.1	2	0	0	0	0	0	1	0
ENSMUSG00000098483.1	0	0	0	0	0	0	1	0
ENSMUSG00000098280.1	3	2	2	0	68	10	5	4
ENSMUSG00000099140.1	3	1	0	1	5	2	0	3
ENSMUSG00000098550.1	3	4	2	0	0	0	0	0
ENSMUSG00000098582.1	4	5	0	2	0	0	0	1
ENSMUSG00000088414.1	0	0	0	0	1	0	0	0
ENSMUSG00000099326.1	0	0	0	0	0	0	2	0
ENSMUSG00000084523.1	0	0	0	0	10	1	1	2
ENSMUSG00000106183.1	0	0	0	0	0	1	0	0
ENSMUSG00000093615.1	40	30	13	12	195	96	38	61
ENSMUSG00000105847.1	7	2	0	0	13	10	0	0
ENSMUSG00000106649.1	0	1	0	1	0	0	0	0
ENSMUSG00000099147.1	3	2	2	0	22	1	3	0
ENSMUSG00000084663.1	0	1	0	0	5	0	0	0
ENSMUSG00000098907.1	10	5	3	6	6	1	0	0
ENSMUSG00000065547.1	46	103	31	32	76	12	54	150
ENSMUSG00000088478.1	0	0	0	0	0	0	0	0
ENSMUSG00000098473.1	42	14	12	21	35	13	16	25
ENSMUSG00000098646.1	0	0	0	1	9	1	0	0
ENSMUSG00000093011.1	26155	36736	17256	19429	279895	65894	61674	79644
ENSMUSG00000092770.1	45	45	468	457	1303	402	84	130
ENSMUSG00000093354.1	2464	4630	1242	1569	147738	50711	8638	9239
ENSMUSG00000104589.1	0	1	0	0	0	0	0	0
ENSMUSG00000105072.1	5	4	0	0	0	2	0	0
ENSMUSG00000099309.1	0	0	0	0	6	4	2	1
ENSMUSG00000098361.1	0	0	0	0	0	0	0	0
ENSMUSG00000098327.1	0	0	0	1	4	0	1	2
ENSMUSG00000065587.1	3913	3146	467	403	591046	193943	54056	12802
ENSMUSG00000065492.1	151	92	16	17	20205	6381	3047	3649
ENSMUSG00000099213.1	0	0	0	0	0	0	0	0
ENSMUSG00000099311.1	1	0	0	0	0	0	0	0
ENSMUSG00000093441.1	0	0	1	0	4	0	0	0
ENSMUSG00000076281.1	24	4	0	0	3	0	5	2
ENSMUSG00000098886.1	0	0	0	0	0	0	0	0
ENSMUSG00000092696.1	0	4	1	0	31	14	7	4
ENSMUSG00000104953.1	0	1	0	0	0	0	0	0
ENSMUSG00000076379.2	242	308	470	661	4167	954	810	518
ENSMUSG00000093042.1	0	1	4	13	455	190	50	79
ENSMUSG00000093763.1	19	22	4	4	120	49	26	21
ENSMUSG00000076138.1	1	0	0	0	0	0	0	0
ENSMUSG00000065596.1	10	6	19	20	68	23	10	15
ENSMUSG00000098251.1	0	0	0	3	28	12	1	0
ENSMUSG00000098521.1	0	0	1	2	0	0	0	1
ENSMUSG00000065407.1	12	8	0	1	3	0	0	0
ENSMUSG00000065440.1	11605	18808	120069	145921	678202	148153	35395	12046
ENSMUSG00000092963.1	0	0	0	0	1	0	0	0
ENSMUSG00000098787.1	0	0	0	0	0	0	0	0
ENSMUSG00000106657.1	0	0	0	0	0	0	2	1
ENSMUSG00000092915.1	0	0	0	0	3	1	0	0
ENSMUSG00000065579.1	7093	6080	4438	4603	41828	24505	12059	17527
ENSMUSG00000098490.1	5	8	1	2	12	12	1	1
ENSMUSG00000098973.1	2248	855	58	98	972	302	289	643
ENSMUSG00000099275.1	0	0	0	0	3	0	0	0
ENSMUSG00000065441.2	32	21	1500	2631	34	8	392	606
ENSMUSG00000080636.1	0	0	0	0	0	0	0	0
ENSMUSG00000065513.1	27	28	23	20	236	90	14	42
ENSMUSG00000106193.1	0	1	0	2	5	1	1	2
ENSMUSG00000098922.1	1	1	0	0	27	7	5	6
ENSMUSG00000065414.1	116	142	112	78	287	122	316	198
ENSMUSG00000093060.1	7	5	1	1	8	2	1	1
ENSMUSG00000098714.1	15	13	0	2	29	7	1	0
ENSMUSG00000099181.1	0	0	0	0	3	3	5	0
ENSMUSG00000098898.1	0	0	0	0	0	0	0	0
ENSMUSG00000089260.1	4	15	0	3	30	24	15	3
ENSMUSG00000105468.1	0	0	0	0	1	0	0	0
ENSMUSG00000093017.1	0	0	0	0	0	0	0	1
ENSMUSG00000099185.1	5	6	2	2	44	13	35	53
ENSMUSG00000076068.1	0	0	0	0	0	1	0	3
ENSMUSG00000089424.1	92	41	32	32	285	51	35	31
ENSMUSG00000098885.1	0	0	0	0	8	1	1	7
ENSMUSG00000098376.1	9	3	2	1	2	4	0	0
ENSMUSG00000098279.1	6	1	1	2	2	1	3	5
ENSMUSG00000098414.1	0	3	1	0	39	4	6	8
ENSMUSG00000098562.1	3	1	0	0	5	5	6	2
ENSMUSG00000098672.1	0	3	3	2	23	8	8	5
ENSMUSG00000084658.1	0	0	0	0	0	0	0	0
ENSMUSG00000099283.1	1	0	0	2	10	2	1	6
ENSMUSG00000087993.1	2	6	8	14	81	21	10	17
ENSMUSG00000092781.1	53	29	15	12	294	101	77	133
ENSMUSG00000098811.1	5	2	0	1	11	2	2	12
ENSMUSG00000105379.1	4	0	7	5	195	72	47	138
ENSMUSG00000076228.1	0	0	0	0	0	0	0	0
ENSMUSG00000092686.1	8	7	2	0	19	8	6	9
ENSMUSG00000065524.1	7	7	1	3	58	31	7	6
ENSMUSG00000093227.1	6	10	3	6	160	9	3	34
ENSMUSG00000089214.1	6	2	0	0	0	0	0	0
ENSMUSG00000098679.1	169	81	42	34	1	0	1	0
ENSMUSG00000065607.1	349	350	97	137	3057	900	576	329
ENSMUSG00000098544.1	0	0	1	4	0	0	0	0
ENSMUSG00000092867.1	79	40	28	30	419	111	37	40
ENSMUSG00000080347.1	0	0	0	0	0	0	1	0
ENSMUSG00000105557.1	0	0	0	0	0	0	0	0
ENSMUSG00000092952.1	0	0	0	6	0	0	0	0
ENSMUSG00000093404.1	0	0	0	0	0	0	0	0
ENSMUSG00000076448.1	3	0	0	0	23	7	2	3
ENSMUSG00000098522.1	0	0	0	0	0	0	0	0
ENSMUSG00000099225.1	0	0	0	0	0	0	0	0
ENSMUSG00000065406.3	6567	13182	128257	156082	1839335	404653	209140	133090
ENSMUSG00000099088.1	2	2	2	1	10	3	3	4
ENSMUSG00000098756.1	22	25	49	146	123	37	219	467
ENSMUSG00000065430.1	109	96	111	149	3776	1147	560	620
ENSMUSG00000072837.1	2	2	0	0	2	1	1	1
ENSMUSG00000104755.1	114	53	62	57	846	123	80	145
ENSMUSG00000088393.1	0	0	0	0	0	0	0	0
ENSMUSG00000098701.1	0	1	0	0	14	1	2	3
ENSMUSG00000106600.1	10	3	5	2	40	10	9	5
ENSMUSG00000098957.1	6	3	3	1	9	2	2	7
ENSMUSG00000099292.1	0	0	2	3	4	1	1	5
ENSMUSG00000105001.1	3	0	0	0	0	0	0	1
ENSMUSG00000098592.1	0	1	5	4	0	0	0	1
ENSMUSG00000093080.1	12	12	3	6	187	41	18	24
ENSMUSG00000098296.1	3	0	1	0	0	0	0	0
ENSMUSG00000104880.1	7	1	0	0	3	1	0	1
ENSMUSG00000098516.1	2	0	2	1	14	3	0	4
ENSMUSG00000092885.1	0	0	0	1	0	0	0	1
ENSMUSG00000089555.1	4	1	2	5	26	3	3	1
ENSMUSG00000106362.1	0	1	0	0	2	0	0	1
ENSMUSG00000065539.1	1	0	0	0	0	0	0	0
ENSMUSG00000065415.1	15	13	5	3	2	0	0	0
ENSMUSG00000065583.1	181	213	56	42	36	11	5	2
ENSMUSG00000065553.1	32	33	7	10	86	49	19	5
ENSMUSG00000065601.1	89	60	228	300	318	170	42	41
ENSMUSG00000098942.1	1	0	0	0	0	0	0	0
ENSMUSG00000099331.1	0	0	1	0	0	0	0	0
ENSMUSG00000065417.1	1561	1313	394	511	4	4	1	0
ENSMUSG00000098474.1	0	1	0	1	2	3	2	7
ENSMUSG00000093006.2	3	2	0	0	4	1	3	6
ENSMUSG00000092870.1	90	82	14	27	1559	347	381	394
ENSMUSG00000105908.1	0	0	1	2	6	2	1	0
ENSMUSG00000099153.1	1	0	0	0	6	3	0	1
ENSMUSG00000093341.2	0	0	0	0	0	1	0	0
ENSMUSG00000098906.1	2	0	0	0	4	4	2	1
ENSMUSG00000106175.1	1	2	0	0	6	0	0	3
ENSMUSG00000098547.1	2	0	2	1	2	1	1	0
ENSMUSG00000099259.1	0	0	0	1	0	0	4	6
ENSMUSG00000092734.1	10	9	0	5	79	32	8	55
ENSMUSG00000076460.1	25449	18552	11477	16377	117880	27465	8378	16556
ENSMUSG00000098855.1	0	0	94	145	0	0	34	74
ENSMUSG00000099174.1	1	0	0	0	0	0	0	0
ENSMUSG00000092727.1	33	41	8	10	94	39	19	11
ENSMUSG00000080573.1	0	0	0	0	0	0	0	0
ENSMUSG00000088752.1	20	11	7	7	131	35	27	47
ENSMUSG00000105100.1	2	0	1	0	5	1	0	0
ENSMUSG00000065534.1	9341	9281	5687	6809	68955	19175	7449	8003
ENSMUSG00000065411.2	1182	1639	2964	2911	33621	15701	2468	1470
ENSMUSG00000099109.1	0	0	0	0	11	4	0	2
ENSMUSG00000105932.1	0	0	3	2	0	1	1	5
ENSMUSG00000098317.1	0	1	0	1	1	1	0	0
ENSMUSG00000065590.1	24	9	41	44	3715	889	175	155
ENSMUSG00000065537.2	138	90	391	540	14484	4758	960	970
ENSMUSG00000065529.1	4128	2431	59463	76523	1673153	1092719	362283	603825
ENSMUSG00000065518.2	31549	25545	7487	9233	101064	30078	9720	12434
ENSMUSG00000065401.1	101	84	303	479	10	3	26	7
ENSMUSG00000099101.1	2	1	1	2	11	1	8	10
ENSMUSG00000065395.1	13	6	111	134	4819	1517	1747	3792
ENSMUSG00000065489.1	2	2	10	5	478	159	131	123
ENSMUSG00000098840.1	0	0	0	0	0	0	0	0
ENSMUSG00000065455.1	13406	12022	31819	29173	6378031	8040910	624072	389691
ENSMUSG00000065589.1	3927	4709	2047	2295	9189	4328	2235	3736
ENSMUSG00000065420.2	0	0	0	0	0	0	0	0
ENSMUSG00000092985.1	3	1	12	26	46	7	56	116
ENSMUSG00000093358.1	12	9	0	0	0	0	0	0
ENSMUSG00000065546.1	134	149	53	44	269	97	36	37
ENSMUSG00000065519.1	152163	122769	8041	9057	411	112	115	77
ENSMUSG00000065515.1	116	179	1514	1700	4800	2438	2372	5915
ENSMUSG00000098769.1	3	0	1	0	38	6	9	12
ENSMUSG00000099286.1	1	0	2	0	0	0	0	0
ENSMUSG00000093004.1	1	2	1	0	9	5	3	2
ENSMUSG00000098881.1	8	1	0	0	8	5	3	1
ENSMUSG00000098919.1	2	0	3	0	4	2	0	0
ENSMUSG00000093176.1	0	0	0	0	0	0	0	0
ENSMUSG00000104854.1	3	5	0	2	10	3	1	7
ENSMUSG00000098415.1	5	2	7	11	20	5	5	5
ENSMUSG00000092762.2	0	0	0	0	0	0	0	0
ENSMUSG00000098600.1	0	0	4	4	6	1	6	8
ENSMUSG00000098863.1	1	0	5	1	16	6	6	7
ENSMUSG00000098774.1	0	1	0	0	0	1	1	1
ENSMUSG00000098613.1	0	0	0	1	14	2	5	0
ENSMUSG00000106014.1	0	0	0	0	1	0	0	0
ENSMUSG00000093273.2	40	36	21	24	112	31	18	28
ENSMUSG00000093133.1	0	0	0	0	2	0	0	3
ENSMUSG00000099125.1	4	2	1	0	21	2	2	1
ENSMUSG00000098497.1	1	2	0	0	6	0	3	2
ENSMUSG00000093096.1	2	1	0	0	2	1	1	0
ENSMUSG00000093539.1	0	1	1	1	6	0	0	4
ENSMUSG00000104740.1	6	5	18	24	60	40	17	23
ENSMUSG00000098958.1	0	0	0	0	33	10	10	8
ENSMUSG00000098704.1	7	7	3	10	12	4	3	5
ENSMUSG00000088015.1	0	1	0	0	11	3	4	5
ENSMUSG00000104657.1	0	0	0	0	0	0	0	0
ENSMUSG00000093264.1	0	0	0	0	3	1	0	0
ENSMUSG00000098955.1	9	9	5	7	226	79	10	33
ENSMUSG00000098282.1	2	3	1	2	60	15	14	10
ENSMUSG00000098981.1	3	1	3	4	1	2	3	3
ENSMUSG00000077830.1	0	0	1	0	0	0	0	0
ENSMUSG00000098879.1	1	0	2	1	20	10	9	7
ENSMUSG00000093037.1	94	84	21	12	649	164	24	0
ENSMUSG00000098771.1	245	45	5	4	3	0	5	9
ENSMUSG00000098579.1	1	1	0	0	1	1	0	0
ENSMUSG00000092998.1	1205	802	335	387	15996	3554	1987	1911
ENSMUSG00000089371.1	0	1	0	1	34	20	6	8
ENSMUSG00000093618.1	3	1	0	2	13	3	11	15
ENSMUSG00000106344.1	0	0	0	0	0	0	0	3
ENSMUSG00000092949.1	3	8	3	6	29	11	3	6
ENSMUSG00000105788.1	1	3	1	2	3	1	11	19
ENSMUSG00000105145.1	0	0	0	0	4	0	2	0
ENSMUSG00000092922.1	8	3	2	6	32	10	1	6
ENSMUSG00000092738.1	2	1	0	0	8	8	0	1
ENSMUSG00000105972.1	46	44	214	275	879	358	406	276
ENSMUSG00000092673.1	95	63	6	5	0	0	0	0
ENSMUSG00000098263.1	0	0	0	1	2	0	0	1
ENSMUSG00000106297.1	0	0	0	0	0	0	0	0
ENSMUSG00000106561.1	0	1	0	0	0	0	0	1
ENSMUSG00000105428.1	56	67	213	287	1526	1271	1464	3258
ENSMUSG00000089324.1	0	1	0	0	1	0	0	0
ENSMUSG00000105998.1	0	0	0	0	0	0	0	0
ENSMUSG00000106366.1	18	2	3	5	75	50	9	7
ENSMUSG00000093331.1	3	1	0	2	19	5	7	5
ENSMUSG00000065436.1	27365	17385	5351	5297	8212	7236	1986	1970
ENSMUSG00000065429.1	511	464	237	343	5498	2685	1728	2525
ENSMUSG00000084535.1	0	0	0	0	0	0	0	0
ENSMUSG00000076451.1	734	322	1773	2532	0	0	0	0
ENSMUSG00000076316.1	709	451	4656	7567	0	0	0	0
ENSMUSG00000077025.2	967	368	5997	9700	0	0	0	0
ENSMUSG00000065526.4	1	1	5	10	0	0	0	0
ENSMUSG00000072900.2	3587	2409	13812	22437	0	0	0	0
ENSMUSG00000076313.1	1944	1373	15406	24832	0	0	0	0
ENSMUSG00000095147.1	13	5	57	68	0	0	0	0
ENSMUSG00000094952.1	1	0	6	5	0	0	0	0
ENSMUSG00000070080.1	27070	15273	184007	313982	1	4	0	1
ENSMUSG00000070072.1	3458	2035	18908	32389	0	1	0	0
ENSMUSG00000070076.2	16405	13380	191480	287746	11	4	3	0
ENSMUSG00000070133.1	3235	2714	34422	56819	0	0	0	0
ENSMUSG00000070129.2	0	1	0	1	0	0	0	0
ENSMUSG00000070101.1	4075	3274	20693	32273	1	0	0	0
ENSMUSG00000080406.1	69	26	114	203	0	0	0	0
ENSMUSG00000077879.1	0	0	0	3	0	0	0	0
ENSMUSG00000065433.1	2377	1590	4278	6905	0	0	0	0
ENSMUSG00000077881.1	0	0	0	0	0	0	0	0
ENSMUSG00000065498.4	10170	7829	72337	106062	10	2	1	0
ENSMUSG00000065477.3	28206	19048	182296	286040	13	5	2	0
ENSMUSG00000106653.1	5	1	4	22	0	0	0	0
ENSMUSG00000093224.1	0	0	0	0	0	0	0	0
ENSMUSG00000080687.1	68	28	16	26	0	0	0	0
ENSMUSG00000065617.1	5708	2625	1897	2930	0	1	0	0
ENSMUSG00000076459.1	562	507	95	151	0	0	0	0
ENSMUSG00000065577.1	498	409	4708	7311	0	0	0	0
ENSMUSG00000070141.2	2502	1447	2433	3170	4	2	0	0
ENSMUSG00000076145.1	1064	758	1139	1483	0	0	0	0
ENSMUSG00000080411.1	6273	4663	10065	16283	0	0	0	0
ENSMUSG00000076272.1	362	162	1403	2242	0	0	0	0
ENSMUSG00000076241.2	2514	1503	15540	27669	1	0	0	0
ENSMUSG00000070105.3	459	314	3251	5057	0	0	0	0
ENSMUSG00000076396.1	1117	728	3248	5240	0	0	0	0
ENSMUSG00000076006.2	2255	1835	8538	13549	0	0	0	0
ENSMUSG00000077980.1	0	0	0	0	0	0	0	0
ENSMUSG00000105853.1	983	766	8588	14247	0	0	0	0
ENSMUSG00000093218.1	0	0	0	0	0	0	0	0
ENSMUSG00000098807.2	2223	1536	15137	24364	1	2	0	0
ENSMUSG00000098838.2	5546	4001	147035	261439	3	3	0	0
ENSMUSG00000076219.1	29560	23436	204814	323354	5	3	0	0
ENSMUSG00000099224.1	4	3	23	23	0	0	0	0
ENSMUSG00000077001.2	8	4	46	111	0	0	0	0
ENSMUSG00000065428.4	12903	7993	26699	38661	2	2	0	0
ENSMUSG00000065426.3	3545	3685	9670	14732	2	0	2	0
ENSMUSG00000099236.2	150	97	1567	2064	0	0	0	0
ENSMUSG00000070128.3	1167	667	5044	8404	0	0	0	0
ENSMUSG00000077925.1	1	0	0	0	0	0	0	0
ENSMUSG00000065448.2	3159	1972	20335	32366	0	0	1	0
ENSMUSG00000070136.1	541	435	2333	3544	2	0	0	0
ENSMUSG00000065438.2	536	389	1597	2547	0	0	0	0
ENSMUSG00000076052.1	16388	12429	35629	41059	5	4	0	0
ENSMUSG00000065570.1	574	369	1178	1778	0	0	0	0
ENSMUSG00000065561.2	20092	14673	41149	68906	8	6	0	0
ENSMUSG00000065497.1	935	467	4096	6777	0	0	0	0
ENSMUSG00000093351.1	260	155	346	589	0	0	0	0
ENSMUSG00000080356.1	515	55	103	229	7	1	0	0
ENSMUSG00000065574.1	4286	6782	16381	947	74	26	15	15
ENSMUSG00000098380.1	4	1	1	5	14	9	11	9
ENSMUSG00000099165.1	1	0	0	0	41	7	4	0
ENSMUSG00000098338.1	0	3	2	2	1	0	2	0
ENSMUSG00000104729.1	0	0	0	0	0	1	1	0
ENSMUSG00000065538.1	71	47	11	14	2303	343	640	866
ENSMUSG00000076030.1	0	0	0	0	0	1	0	0
ENSMUSG00000088609.1	15	6	2	1	0	0	6	1
ENSMUSG00000098790.1	0	0	0	2	5	0	0	0
ENSMUSG00000084590.1	0	0	0	0	0	0	0	0
ENSMUSG00000105014.1	3	0	0	0	0	0	0	0
ENSMUSG00000105238.1	0	0	0	0	4	0	0	0
ENSMUSG00000105580.1	3	7	0	0	1	1	0	0
ENSMUSG00000106281.1	1	0	0	0	0	0	0	0
ENSMUSG00000088148.1	25858	14450	2900	3874	13714	5870	1348	1655
ENSMUSG00000105839.1	21	9	1	0	29	7	2	0
ENSMUSG00000104608.1	5	2	0	0	1	1	0	0
ENSMUSG00000105433.1	2	0	0	0	0	0	0	0
ENSMUSG00000076237.1	0	0	0	0	0	0	0	0
ENSMUSG00000104750.1	12	7	0	2	17	7	4	1
ENSMUSG00000105109.1	1	0	0	0	1	2	0	1
ENSMUSG00000104771.1	1	0	0	0	0	0	0	0
ENSMUSG00000105924.1	0	1	0	0	0	0	0	0
ENSMUSG00000104997.1	1	0	0	0	0	0	0	0
ENSMUSG00000106595.1	1	0	0	0	0	0	0	0
ENSMUSG00000106203.1	3	1	0	0	0	0	0	0
ENSMUSG00000105874.1	0	0	0	0	0	0	0	0
ENSMUSG00000098266.1	0	0	0	0	1	0	0	1
ENSMUSG00000065453.1	1167	1226	42956	57020	226816	56479	21416	16333
ENSMUSG00000065421.3	51	64	442	421	1163	710	121	199
ENSMUSG00000099058.1	1	1	0	1	25	0	1	2
ENSMUSG00000098341.1	407	238	148	229	271	114	70	74
ENSMUSG00000099096.1	16	9	30	69	120	16	13	19
ENSMUSG00000077962.1	453	504	495	847	99	46	25	71
ENSMUSG00000065434.1	507	442	85	91	4935	2244	224	203
ENSMUSG00000096212.1	0	0	0	0	0	0	0	0
ENSMUSG00000095876.1	1	0	0	0	0	0	0	0
ENSMUSG00000076246.1	0	0	0	0	0	0	0	0
ENSMUSG00000096098.1	0	0	0	0	0	0	0	0
ENSMUSG00000065599.2	55250	38141	59778	81126	445199	144928	100681	97506
ENSMUSG00000065475.2	4807	5064	6720	9844	153271	68863	65523	70105
ENSMUSG00000092741.2	0	0	0	0	1	0	0	2
ENSMUSG00000065424.2	1	0	0	0	0	0	0	0
ENSMUSG00000084423.1	1	0	0	0	0	1	0	0
ENSMUSG00000076343.1	0	0	0	0	1	0	0	1
ENSMUSG00000076946.2	136	138	30	20	3664	1062	847	987
ENSMUSG00000076146.1	0	2	0	0	12	12	3	2
ENSMUSG00000078027.1	0	0	0	0	14	5	3	0
ENSMUSG00000065575.1	92	47	139	156	6503	1421	192	36
ENSMUSG00000098602.1	2	5	3	5	45	10	14	23
ENSMUSG00000093081.1	30	29	4	8	184	65	47	75
ENSMUSG00000098751.1	7	1	0	0	27	5	1	2
ENSMUSG00000104926.1	1	0	1	1	7	2	2	1
ENSMUSG00000093156.1	26	15	11	9	142	61	38	49
ENSMUSG00000065481.1	46	14	22	38	0	0	0	0
ENSMUSG00000105372.1	0	0	0	0	0	0	0	0
ENSMUSG00000093167.1	6	1	0	0	47	13	7	18
ENSMUSG00000099036.1	8	10	69	102	251	76	542	1218
ENSMUSG00000076128.1	2	0	0	0	0	0	0	0
ENSMUSG00000106169.1	0	3	2	1	7	6	5	0
ENSMUSG00000065432.1	41	24	32	68	0	0	54	133
ENSMUSG00000077928.1	138	68	2103	2912	30	9	1974	4888
ENSMUSG00000092784.1	1	1	0	0	6	1	2	3
ENSMUSG00000076270.1	0	0	0	0	2	0	0	0
ENSMUSG00000092995.1	5824	7360	3997	3480	24023	14048	4660	2476
ENSMUSG00000093007.1	10203	9008	5587	5200	152704	29986	16940	6340
ENSMUSG00000099245.1	3	7	2	1	23	5	1	2
ENSMUSG00000098858.1	0	0	0	0	1	0	0	0
ENSMUSG00000076049.4	513	522	368	535	1061	319	139	109
ENSMUSG00000065597.1	0	0	0	0	0	0	0	0
ENSMUSG00000092972.1	1	0	0	0	0	0	0	0
ENSMUSG00000098866.1	41	54	0	2	1163	349	48	98
ENSMUSG00000098666.1	0	0	0	1	0	0	0	1
ENSMUSG00000065528.1	1846	1548	1947	2252	22774	6085	10965	18757
ENSMUSG00000076453.1	0	0	0	0	0	0	0	0
ENSMUSG00000098772.1	0	0	0	0	0	0	0	0
ENSMUSG00000092901.1	8	2	3	6	2	0	0	0
ENSMUSG00000093192.1	0	0	0	0	0	0	0	0
ENSMUSG00000098780.1	0	0	0	0	0	0	0	1
ENSMUSG00000065508.1	311596	334767	16393	15378	495219	159400	50217	36025
ENSMUSG00000065403.1	42993	38259	4532	5597	66917	30836	7377	5133
ENSMUSG00000065416.1	718	494	51	84	774	228	92	159
ENSMUSG00000065442.1	106612	115803	5761	5094	332477	79307	6997	1123
ENSMUSG00000076256.1	414	167	18	17	635	246	66	310
ENSMUSG00000076062.1	43651	21817	3410	4681	109609	31991	2895	3638
ENSMUSG00000098648.1	0	0	0	0	0	0	0	0
ENSMUSG00000098612.1	0	0	0	0	0	0	0	0
ENSMUSG00000104911.1	0	0	0	0	0	0	0	0
ENSMUSG00000098719.1	0	0	1	0	21	3	3	7
ENSMUSG00000098416.1	1	0	0	2	69	17	10	5
ENSMUSG00000092639.1	0	0	0	0	0	0	0	0
ENSMUSG00000076333.1	33	7	0	0	0	0	0	0
ENSMUSG00000077890.1	4	8	0	0	0	0	0	0
ENSMUSG00000098457.1	0	1	1	2	14	7	0	4
ENSMUSG00000099110.1	9	9	10	16	90	25	4	0
ENSMUSG00000084458.1	2	0	0	1	2	2	2	0
ENSMUSG00000104794.1	1	1	1	1	27	5	3	0
ENSMUSG00000065476.2	353	359	418	529	27088	6836	14296	12325
ENSMUSG00000065437.1	12804	12409	15474	19105	97263	59167	33172	30655
ENSMUSG00000065612.1	23001	18609	8648	10676	157040	49135	13681	13051
ENSMUSG00000093340.1	524	59	0	8	125	12	51	124
ENSMUSG00000098451.1	1	2	0	2	8	3	3	0
ENSMUSG00000098625.1	1	0	0	0	5	1	0	4
ENSMUSG00000093169.1	8	10	2	0	63	29	1	13
ENSMUSG00000099260.1	3	1	0	0	2	2	4	0
ENSMUSG00000099267.1	1	1	1	1	6	2	1	1
ENSMUSG00000099180.1	5	0	2	6	26	1	0	0
ENSMUSG00000088901.1	8	11	9	8	240	58	80	153
ENSMUSG00000106626.1	0	0	0	0	0	0	0	0
ENSMUSG00000099222.1	6	10	4	7	0	0	0	0
ENSMUSG00000105167.1	132	101	109	148	1537	9487	1605	2023
ENSMUSG00000092868.1	61	49	9	18	180	68	114	243
ENSMUSG00000080527.1	0	0	0	0	1	0	0	0
ENSMUSG00000065465.1	206	207	238	373	4799	829	684	2149
ENSMUSG00000098722.1	0	0	0	0	0	0	0	0
ENSMUSG00000099086.1	0	0	0	0	0	0	0	0
ENSMUSG00000092751.1	62	95	11	11	0	0	0	0
ENSMUSG00000098882.1	0	0	2	0	0	0	0	0
ENSMUSG00000080441.1	47	36	65	80	993	333	164	201
ENSMUSG00000065608.1	2	3	413	344	2962	1420	458	486
ENSMUSG00000065564.1	16	36	15230	15830	437511	119375	140548	270298
ENSMUSG00000106328.1	0	0	2	1	19	5	5	8
ENSMUSG00000098663.1	13	15	6	9	8	2	3	6
ENSMUSG00000098442.1	1	1	0	0	27	9	10	8
ENSMUSG00000099319.1	1	1	1	5	32	9	13	12
ENSMUSG00000093529.1	0	0	0	0	0	0	0	0
ENSMUSG00000106463.1	6	6	2	0	28	32	7	5
ENSMUSG00000098698.1	9	3	1	2	66	17	12	17
ENSMUSG00000106563.1	1	5	1	0	1	1	0	0
ENSMUSG00000088459.1	4	3	8	3	193	58	168	171
ENSMUSG00000076009.1	3	2	0	0	5	0	0	0
ENSMUSG00000065488.2	6298	7765	3511	3588	73784	16515	6151	3157
ENSMUSG00000076010.1	19060	12747	3774	5427	56498	17669	8647	15432
ENSMUSG00000065560.1	600	749	689	749	5045	3327	1651	1358
ENSMUSG00000098419.1	0	0	0	3	39	8	1	6
ENSMUSG00000076039.1	0	0	0	0	0	0	0	0
ENSMUSG00000076258.1	1532	830	36	49	28	14	548	71
ENSMUSG00000088544.1	32	28	0	6	234	68	14	24
ENSMUSG00000076972.2	27	35	49	46	2033	397	671	932
ENSMUSG00000065449.1	0	0	0	1	18	6	6	11
ENSMUSG00000099314.1	1	0	0	0	0	0	0	0
ENSMUSG00000098652.1	0	0	0	0	0	0	0	0
ENSMUSG00000070074.1	4869	5663	5806	8423	75281	17379	12224	12217
ENSMUSG00000065572.1	32104	36097	3323	3708	41470	10116	8856	19088
ENSMUSG00000076288.1	589	748	72	77	256	232	39	70
ENSMUSG00000099293.1	0	0	0	0	2	0	0	0
ENSMUSG00000080452.3	1524	859	309	468	3562	902	246	486
ENSMUSG00000093246.1	65	17	1	2	103	41	5	1
ENSMUSG00000065464.2	473	476	541	646	10851	442	2878	4340
ENSMUSG00000099233.1	0	0	0	1	0	0	0	0
ENSMUSG00000080669.1	3	0	3	3	2	1	0	0
ENSMUSG00000098400.1	0	0	5	5	26	15	7	36
ENSMUSG00000099071.1	0	0	0	0	0	0	1	0
ENSMUSG00000104599.1	2	2	1	0	2	0	2	0
ENSMUSG00000065494.1	5633	2935	2378	2698	255207	46897	22019	15324
ENSMUSG00000088860.1	34	19	3	1	53	17	6	3
ENSMUSG00000098300.1	191	89	21	26	40	17	36	48
ENSMUSG00000076372.2	0	0	0	0	0	0	0	0
ENSMUSG00000093046.1	25	29	1	8	50	12	15	45
ENSMUSG00000076284.1	0	0	0	0	0	1	0	0
ENSMUSG00000065530.1	60854	87364	148894	170649	531514	131597	223542	273260
ENSMUSG00000065557.3	56	64	413	411	3628	1380	557	798
ENSMUSG00000065472.1	590	936	1792	1921	9759	3232	2385	2845
ENSMUSG00000065397.1	1891	1616	194	196	235606	72870	4934	2676
ENSMUSG00000076457.1	0	0	2	2	1	0	2	0
ENSMUSG00000105138.1	0	0	1	0	3	2	0	0
ENSMUSG00000065396.1	74141	83440	23051	30162	486842	141641	89501	103880
ENSMUSG00000065479.2	12184	10079	5306	6273	130359	26422	8620	14573
ENSMUSG00000092981.1	6	3	3	4	7	1	3	5
ENSMUSG00000093270.1	4	6	5	1	3	1	0	2
ENSMUSG00000099123.1	3	6	1	0	18	5	1	6
ENSMUSG00000080342.1	5	1	0	0	11	2	1	0
ENSMUSG00000093202.2	1	2	3	1	8	3	1	0
ENSMUSG00000076274.1	0	0	0	0	0	0	0	0
ENSMUSG00000098329.1	0	1	1	5	7	1	0	2
ENSMUSG00000093076.1	1	1	0	3	17	1	4	1
ENSMUSG00000098510.1	2	1	4	5	32	14	4	29
ENSMUSG00000093118.1	0	0	0	2	4	0	3	0
ENSMUSG00000098826.1	0	0	0	0	7	7	2	0
ENSMUSG00000105142.1	0	0	0	0	0	0	0	0
ENSMUSG00000099152.1	0	0	0	0	0	0	0	0
ENSMUSG00000098764.1	0	0	0	0	11	1	0	0
ENSMUSG00000093323.1	0	0	0	0	5	0	0	0
ENSMUSG00000084600.1	0	0	0	0	0	0	0	0
ENSMUSG00000065555.1	8	3	1	1	32	3	0	0
ENSMUSG00000098458.1	3	6	2	8	38	11	10	4
ENSMUSG00000098460.1	2	5	0	0	2	2	2	0
ENSMUSG00000098445.1	2	0	0	0	0	0	0	0
ENSMUSG00000099006.1	0	0	0	0	0	1	0	0
ENSMUSG00000098499.1	5	6	4	9	44	8	4	5
ENSMUSG00000098269.1	4	1	0	1	1	1	4	5
ENSMUSG00000098716.1	3	3	2	2	132	66	22	17
ENSMUSG00000084751.1	0	0	1	0	0	1	0	1
ENSMUSG00000077931.1	440	388	199	222	1824	566	375	654
ENSMUSG00000076141.1	3	4	1	0	10	5	3	4
ENSMUSG00000106514.1	1	1	3	5	10	1	2	1
ENSMUSG00000065491.1	16	5	5	11	34	16	2	3
ENSMUSG00000098339.1	3	3	0	1	13	7	12	11
ENSMUSG00000093508.1	1	1	0	2	10	3	0	0
ENSMUSG00000084514.1	2	1	1	0	2	2	0	0
ENSMUSG00000105513.1	0	0	0	0	0	0	0	0
ENSMUSG00000065399.2	0	0	20	32	2	0	9	28
ENSMUSG00000080662.1	0	0	0	0	0	0	0	0
ENSMUSG00000084565.1	0	0	0	0	0	0	0	0
ENSMUSG00000087950.1	35	26	6	8	266	94	8	5
ENSMUSG00000065532.1	414	494	190	251	1047	233	113	161
ENSMUSG00000105743.1	95	36	19	16	295	64	28	174
ENSMUSG00000104863.1	17	13	9	11	105	56	67	177
ENSMUSG00000080529.1	0	0	0	0	0	0	0	0
ENSMUSG00000098706.1	10	6	1	2	20	9	1	1
ENSMUSG00000098608.1	1	0	0	0	2	0	0	0
ENSMUSG00000098297.1	1	0	4	0	0	0	0	0
ENSMUSG00000093208.2	0	0	0	0	5	0	0	0
ENSMUSG00000093327.1	0	0	1	0	0	0	2	0
ENSMUSG00000098247.1	0	0	0	0	0	0	0	0
ENSMUSG00000098475.1	0	0	0	0	0	0	0	0
ENSMUSG00000098389.1	0	0	0	1	0	0	0	0
ENSMUSG00000093026.1	0	0	1	2	0	0	0	2
ENSMUSG00000065592.2	240	293	2188	2828	42335	20472	14383	24558
ENSMUSG00000065445.3	17412	18331	112616	154968	1696910	541236	351799	244123
ENSMUSG00000065402.1	89	20	675	950	108	19	8	6
ENSMUSG00000076147.1	1	0	0	3	17	5	4	9
ENSMUSG00000098253.1	0	0	4	5	7	8	1	1
ENSMUSG00000098366.1	0	0	1	0	5	4	0	0
ENSMUSG00000098721.1	0	1	0	0	0	0	0	0
ENSMUSG00000092638.1	0	0	0	0	0	0	0	0
ENSMUSG00000098676.1	1	2	0	0	2	2	0	0
ENSMUSG00000099261.1	5	1	0	0	14	3	3	2
ENSMUSG00000093346.1	0	0	0	0	0	0	0	0
ENSMUSG00000099290.1	0	0	0	2	4	0	0	0
ENSMUSG00000098346.1	3	1	0	2	7	5	4	2
ENSMUSG00000098568.1	0	1	2	0	9	1	1	5
ENSMUSG00000098928.1	0	3	3	3	25	3	3	11
ENSMUSG00000065582.1	143	145	135	135	940	788	147	56
ENSMUSG00000065523.1	212	168	213	272	1951	865	706	1094
ENSMUSG00000099230.1	2	0	0	3	12	1	0	4
ENSMUSG00000098413.1	5	1	8	7	44	13	9	21
ENSMUSG00000098293.1	3	4	1	5	26	2	2	6
ENSMUSG00000098844.1	2	2	0	0	3	0	0	2
ENSMUSG00000093314.1	1	3	0	1	1	0	0	0
ENSMUSG00000098363.1	3	0	1	1	12	1	1	2
ENSMUSG00000104979.1	28	26	19	27	212	71	67	106
ENSMUSG00000076303.1	0	0	0	0	0	7	0	0
ENSMUSG00000065507.3	103	141	457	637	57	13	1	10
ENSMUSG00000080626.1	0	0	0	0	9	0	2	0
ENSMUSG00000065556.1	6396	5885	4676	6424	31719	10613	3238	2889
ENSMUSG00000106278.1	1	0	9	17	20	4	0	0
ENSMUSG00000065594.1	3309	4296	1121	1100	52547	14459	6905	876
ENSMUSG00000089151.1	1	0	0	1	14	8	2	0
ENSMUSG00000099118.1	4	2	1	3	16	0	1	0
ENSMUSG00000098286.1	0	0	0	0	0	0	0	0
ENSMUSG00000076323.1	0	0	0	0	0	1	0	0
ENSMUSG00000093234.1	1	0	0	0	0	1	0	0
ENSMUSG00000093315.1	8	1	5	2	22	13	58	156
ENSMUSG00000070127.2	2	1	4	1	63	41	28	32
ENSMUSG00000098786.1	0	0	3	1	5	3	2	4
ENSMUSG00000099069.1	0	0	0	1	0	0	2	0
ENSMUSG00000092966.1	2	1	0	0	6	2	0	0
ENSMUSG00000098730.1	0	0	0	0	0	0	0	1
ENSMUSG00000098289.1	0	0	1	0	0	0	0	0
ENSMUSG00000093757.1	4	6	2	3	15	5	5	5
ENSMUSG00000092813.1	36	30	1	3	59	13	4	3
ENSMUSG00000092655.1	0	0	0	0	0	0	0	0
ENSMUSG00000070108.2	352	329	4375	7235	10676	2506	9470	13561
ENSMUSG00000076251.1	2876	1613	4718	7143	15490	3408	8416	12355
ENSMUSG00000070100.1	465	680	1115	1280	4923	2559	6345	14295
ENSMUSG00000065398.1	3889	4830	9656	13930	51671	13088	35654	40800
ENSMUSG00000070139.1	5716	5570	18241	29265	86609	24326	68342	54167
ENSMUSG00000080645.1	46	54	37	40	164	74	15	28
ENSMUSG00000065422.1	137	96	330	236	462135	119153	29684	18684
ENSMUSG00000065471.1	94	73	132	127	204621	61094	3798	4315
ENSMUSG00000092838.1	0	0	0	0	0	0	0	0
ENSMUSG00000093408.1	0	0	0	0	8	5	2	3
ENSMUSG00000092794.1	7	2	0	0	43	7	23	41
ENSMUSG00000092878.1	0	0	1	0	0	0	0	0
ENSMUSG00000076214.1	0	0	0	0	1	0	0	0
ENSMUSG00000070106.1	8473	4058	109	143	0	0	0	0
ENSMUSG00000065613.1	3417	1093	135	165	1224	423	47	39
ENSMUSG00000065473.1	70	62	5	4	65	44	7	27
ENSMUSG00000076041.1	7504	6039	143	130	34	10	0	0
ENSMUSG00000077111.2	952	514	16	26	15	3	2	2
ENSMUSG00000065456.1	14452	12010	198	147	200	50	13	15
ENSMUSG00000076050.1	1724	1861	3025	4051	2896	590	2120	1307
ENSMUSG00000065486.1	182	124	365	495	408	93	212	91
ENSMUSG00000076399.1	39	38	226	355	160	40	556	870
ENSMUSG00000076140.1	3354	3534	9905	13941	5029	2683	6141	9005
ENSMUSG00000065503.1	19022	15663	55301	61876	21087	7188	53488	103322
ENSMUSG00000076122.1	4635	5331	6879	7653	6217	2268	10082	9555
ENSMUSG00000065418.1	126439	191411	114266	143367	254452	74122	209082	128413
ENSMUSG00000092787.1	0	0	1	0	12	10	3	0
ENSMUSG00000070110.2	18	11	30	49	0	0	0	0
ENSMUSG00000105409.1	0	0	0	0	0	0	0	0
ENSMUSG00000070081.2	1042	500	85	128	714	143	81	93
ENSMUSG00000077127.1	6	6	0	0	251	79	20	15
ENSMUSG00000094184.1	1	0	0	0	33	18	5	2
ENSMUSG00000077092.1	1	0	0	0	48	23	12	8
ENSMUSG00000078017.1	0	0	0	0	23	7	6	3
ENSMUSG00000078024.1	0	0	0	0	10	7	2	2
ENSMUSG00000070104.1	0	1	2	1	93	76	3	0
ENSMUSG00000077119.1	27	33	0	0	1203	137	191	98
ENSMUSG00000070078.1	1	3	0	0	25	13	5	1
ENSMUSG00000078002.1	0	1	0	0	16	5	3	16
ENSMUSG00000077872.1	1	0	0	0	40	15	4	7
ENSMUSG00000078038.1	5	6	0	0	112	74	9	26
ENSMUSG00000096628.1	5	3	0	0	129	58	8	7
ENSMUSG00000070073.1	5	1	0	1	97	31	24	53
ENSMUSG00000106642.1	0	0	0	0	0	0	0	0
ENSMUSG00000070071.1	0	0	0	0	27	17	5	0
ENSMUSG00000065404.1	0	0	3	7	28	63	40	46
ENSMUSG00000076005.1	0	0	14	10	87	19	26	34
ENSMUSG00000106233.1	0	0	0	0	0	0	0	0
ENSMUSG00000065542.1	511	660	994	915	13296	6122	1075	793
ENSMUSG00000070138.1	143	244	86	79	2287	1816	353	1166
ENSMUSG00000077847.1	0	0	0	0	0	0	0	0
ENSMUSG00000089357.1	63	14	1	8	0	0	1	1
ENSMUSG00000092907.1	5	6	3	6	59	9	11	18
ENSMUSG00000076127.1	0	0	0	0	5	4	2	2
ENSMUSG00000099226.1	0	0	4	5	27	4	9	6
ENSMUSG00000106409.1	0	1	0	2	0	0	0	0
ENSMUSG00000099072.1	0	0	0	0	2	0	1	0
ENSMUSG00000076066.1	719	566	1896	1721	12	12	2	1
ENSMUSG00000076398.1	2407	1626	3622	5508	55	13	9	13
ENSMUSG00000065509.3	3645	2328	768	952	12237	3593	740	472
ENSMUSG00000076269.1	2	0	0	0	1	0	0	0
ENSMUSG00000076286.1	151	114	316	419	2	1	0	1
ENSMUSG00000065499.1	114	118	17	18	0	1	2	0
ENSMUSG00000065425.1	454	333	39	49	2	2	3	0
ENSMUSG00000065510.1	7928	7332	4339	5722	42027	13095	5946	4227
ENSMUSG00000093172.1	1	4	0	1	31	12	1	0
ENSMUSG00000099272.1	0	1	4	3	12	2	4	1
ENSMUSG00000106264.1	0	0	0	0	9	1	0	4
ENSMUSG00000093102.1	38	26	39	31	0	0	0	0
ENSMUSG00000076011.1	36876	27246	15699	20138	64634	14509	7657	6097
ENSMUSG00000105967.1	1	2	0	0	0	0	0	0
ENSMUSG00000092879.1	0	0	0	0	0	0	0	0
ENSMUSG00000076458.1	0	0	0	0	0	0	0	0
ENSMUSG00000093039.1	0	0	0	0	0	0	0	0
ENSMUSG00000093122.1	0	0	1	4	1	0	0	0
ENSMUSG00000080331.1	12	10	2	6	3	0	0	1
ENSMUSG00000065450.1	1	0	0	1	0	0	0	0
ENSMUSG00000099172.1	0	0	0	0	0	0	0	0
ENSMUSG00000093219.1	2	0	0	1	13	3	8	23
ENSMUSG00000065602.1	210	251	5658	5973	57897	15115	3302	1277
ENSMUSG00000065536.2	812	1260	12613	14819	189764	38714	7498	1579
ENSMUSG00000106618.1	0	0	0	0	0	0	0	0
