	gene_id	gene_name
1	ENSMUSG00000065559.1	Mir206
2	ENSMUSG00000065480.1	Mir133b
3	ENSMUSG00000065567.1	Mir30c-2
4	ENSMUSG00000105982.1	Mir6896
5	ENSMUSG00000092852.1	Mir5103
6	ENSMUSG00000098752.1	Mir6897
7	ENSMUSG00000098680.1	Mir6898
12	ENSMUSG00000098487.1	Mir6899
13	ENSMUSG00000098504.1	Mir6351
14	ENSMUSG00000065468.1	Mir26b
17	ENSMUSG00000098611.1	Mir6343
18	ENSMUSG00000099141.1	Mir6352
20	ENSMUSG00000098851.1	Mir6353
22	ENSMUSG00000104627.1	mmu-mir-3535
23	ENSMUSG00000098288.1	Mir6900
24	ENSMUSG00000065470.1	Mir149
25	ENSMUSG00000098997.1	Mir6901
26	ENSMUSG00000106302.1	Mir6902
27	ENSMUSG00000098689.1	Mir6345
29	ENSMUSG00000098344.1	Mir3473f
30	ENSMUSG00000065520.2	Mir128-1
32	ENSMUSG00000065435.1	Mir135b
34	ENSMUSG00000098606.1	Mir6903
35	ENSMUSG00000093515.1	Mir1231
36	ENSMUSG00000065565.1	Mir181a-1
37	ENSMUSG00000065458.1	Mir181b-1
39	ENSMUSG00000106406.1	Mir7682
40	ENSMUSG00000070103.2	Mir488
41	ENSMUSG00000105399.1	Mir1843b
42	ENSMUSG00000089204.1	Mir1927
43	ENSMUSG00000070126.1	Mir199a-2
44	ENSMUSG00000065516.1	Mir214
46	ENSMUSG00000099119.1	Mir6546
47	ENSMUSG00000098316.1	Mir7683
48	ENSMUSG00000065573.1	Mir350
50	ENSMUSG00000098926.1	Mir6904
51	ENSMUSG00000088559.1	Mir1981
52	ENSMUSG00000105770.1	Mir664
53	ENSMUSG00000065581.1	Mir194-1
54	ENSMUSG00000065562.1	Mir215
56	ENSMUSG00000093003.1	Mir3473c
57	ENSMUSG00000065533.1	Mir205
58	ENSMUSG00000065412.3	Mir29b-2
59	ENSMUSG00000065548.1	Mir29c
62	ENSMUSG00000092793.1	Mir466m
63	ENSMUSG00000077972.1	Mir466f-1
64	ENSMUSG00000077038.1	Mir669f
65	ENSMUSG00000080653.1	Mir669e
66	ENSMUSG00000076126.1	Mir669b
68	ENSMUSG00000077834.1	Mir669d
69	ENSMUSG00000077998.1	Mir466f-2
70	ENSMUSG00000076959.1	Mir669l
71	ENSMUSG00000080504.1	Mir669d-2
72	ENSMUSG00000077981.1	Mir466f-3
73	ENSMUSG00000076983.2	Mir297a-2
74	ENSMUSG00000078026.1	Mir466o
76	ENSMUSG00000077049.2	Mir467c
77	ENSMUSG00000106608.1	Mir466b-1
78	ENSMUSG00000076028.1	Mir669a-3
79	ENSMUSG00000094297.1	Mir669k
81	ENSMUSG00000096624.1	Mir467a-1
82	ENSMUSG00000095269.1	Mir466b-8
83	ENSMUSG00000096583.1	Mir669a-1
84	ENSMUSG00000080459.1	Mir669g
86	ENSMUSG00000095340.1	Mir669j
87	ENSMUSG00000096027.1	Mir467a-2
88	ENSMUSG00000104933.1	Mir466e
89	ENSMUSG00000105546.1	Mir669a-4
92	ENSMUSG00000095509.1	Mir467b
93	ENSMUSG00000104561.1	Mir466c-1
94	ENSMUSG00000104734.1	Mir669a-5
97	ENSMUSG00000095198.1	Mir467a-3
98	ENSMUSG00000094659.1	Mir466c-2
99	ENSMUSG00000105330.1	Mir669a-6
103	ENSMUSG00000096492.1	Mir467a-4
104	ENSMUSG00000096239.1	Mir466b-4
105	ENSMUSG00000106027.1	Mir669a-7
109	ENSMUSG00000094159.1	Mir467a-5
110	ENSMUSG00000096113.1	Mir466b-5
111	ENSMUSG00000096134.1	Mir669p-1
115	ENSMUSG00000096587.1	Mir467a-6
117	ENSMUSG00000104652.1	Mir669a-8
121	ENSMUSG00000094688.1	Mir467a-7
122	ENSMUSG00000094261.1	Mir466b-6
123	ENSMUSG00000105182.1	Mir669a-9
127	ENSMUSG00000096512.1	Mir467a-8
128	ENSMUSG00000096360.1	Mir466b-7
129	ENSMUSG00000093900.1	Mir669p-2
133	ENSMUSG00000095222.1	Mir467a-9
134	ENSMUSG00000076966.2	Mir466b-2
135	ENSMUSG00000105365.1	Mir669a-10
141	ENSMUSG00000106488.1	Mir669a-11
145	ENSMUSG00000096894.1	Mir467a-10
146	ENSMUSG00000076994.2	Mir466b-3
147	ENSMUSG00000105783.1	Mir669a-12
149	ENSMUSG00000076948.2	Mir467e
150	ENSMUSG00000077113.2	Mir466p
153	ENSMUSG00000077021.2	Mir467d
154	ENSMUSG00000070099.1	Mir466
156	ENSMUSG00000076976.2	Mir297c
157	ENSMUSG00000076118.1	Mir669c
160	ENSMUSG00000076014.1	Mir669a-2
164	ENSMUSG00000076222.1	Mir297b
165	ENSMUSG00000078031.1	Mir466d
167	ENSMUSG00000089570.1	Mir669m-1
168	ENSMUSG00000088980.1	Mir669m-2
169	ENSMUSG00000077991.1	Mir466n
170	ENSMUSG00000077086.1	Mir669o
171	ENSMUSG00000078025.1	Mir466g
172	ENSMUSG00000077941.1	Mir466h
173	ENSMUSG00000076956.2	Mir297a-3
174	ENSMUSG00000078060.1	Mir466l
175	ENSMUSG00000077954.1	Mir297a-4
177	ENSMUSG00000080657.1	Mir669i
178	ENSMUSG00000080594.1	Mir669h
179	ENSMUSG00000077897.1	Mir511
180	ENSMUSG00000099050.1	Mir7655
181	ENSMUSG00000106199.1	Mir3967
183	ENSMUSG00000099320.1	Mir7664
184	ENSMUSG00000104741.1	Mir3087
185	ENSMUSG00000098548.1	Mir6996
186	ENSMUSG00000065540.1	Mir126a
188	ENSMUSG00000098812.1	Mir7578
189	ENSMUSG00000092832.1	Mir3088
190	ENSMUSG00000098453.1	Mir6997
192	ENSMUSG00000098904.1	Mir6998
193	ENSMUSG00000099075.1	Mir7674
195	ENSMUSG00000093336.1	Mir1954
197	ENSMUSG00000098972.1	Mir8093
198	ENSMUSG00000093280.1	Mir2861
199	ENSMUSG00000105841.1	Mir3960
201	ENSMUSG00000092958.1	Mir5128
204	ENSMUSG00000098660.1	Mir6336
205	ENSMUSG00000092679.1	Mir5129
206	ENSMUSG00000098299.1	Mir7224
207	ENSMUSG00000098734.1	Mir6335
209	ENSMUSG00000065500.3	Mir10b
214	ENSMUSG00000098651.1	Mir6999
215	ENSMUSG00000088639.1	Mir1955
216	ENSMUSG00000099093.1	Mir7000
217	ENSMUSG00000099238.1	Mir7001
219	ENSMUSG00000065511.1	Mir129-2
220	ENSMUSG00000076335.1	Mir670
223	ENSMUSG00000084516.1	Mir1902
226	ENSMUSG00000098464.1	Mir7002
227	ENSMUSG00000088606.1	Mir1951
229	ENSMUSG00000098632.1	Mir7665
232	ENSMUSG00000076309.2	Mir147
233	ENSMUSG00000098896.1	Mir3473g
236	ENSMUSG00000098686.1	Mir6973b
237	ENSMUSG00000065563.1	Mir103-2
239	ENSMUSG00000093746.1	Mir5622
240	ENSMUSG00000076312.1	Mir499
245	ENSMUSG00000093120.1	Mir3474
247	ENSMUSG00000099091.1	Mir7003
248	ENSMUSG00000098489.1	Mir7678
251	ENSMUSG00000105496.1	Mir7004
252	ENSMUSG00000098735.1	Mir7005
253	ENSMUSG00000092827.1	Mir3091
254	ENSMUSG00000098824.1	Mir7006
256	ENSMUSG00000093073.1	Mir124a-2
257	ENSMUSG00000099105.1	Mir7007
258	ENSMUSG00000092695.1	Mir3092
259	ENSMUSG00000092990.1	Mir466q
260	ENSMUSG00000076120.1	Mir551b
261	ENSMUSG00000098315.1	Mir21b
262	ENSMUSG00000098890.1	Mir7008
263	ENSMUSG00000104797.1	Mir1897
265	ENSMUSG00000098808.1	Mir7009
266	ENSMUSG00000065580.2	Mir15b
267	ENSMUSG00000065606.1	Mir16-2
270	ENSMUSG00000098712.1	Mir7010
271	ENSMUSG00000092988.1	Mir3093
272	ENSMUSG00000106493.1	Mir9-1
273	ENSMUSG00000098655.1	Mir7011
274	ENSMUSG00000098397.1	Mir7669
275	ENSMUSG00000099199.1	Mir7012
277	ENSMUSG00000099033.1	Mir7013
278	ENSMUSG00000098737.1	Mir7014
281	ENSMUSG00000098381.1	Mir7225
283	ENSMUSG00000065569.2	Mir137
285	ENSMUSG00000076456.1	Mir760
286	ENSMUSG00000104773.1	Mir7657
290	ENSMUSG00000084564.1	Mir1895
291	ENSMUSG00000088373.3	Mir1956
292	ENSMUSG00000065431.1	Mir186
293	ENSMUSG00000098929.1	Mir6400
295	ENSMUSG00000098310.1	Mir8118
296	ENSMUSG00000077851.1	Mir876
297	ENSMUSG00000078057.1	Mir873a
298	ENSMUSG00000065452.1	Mir207
299	ENSMUSG00000096377.1	Mir5123
302	ENSMUSG00000092862.1	Mir3094
303	ENSMUSG00000092677.1	Mir5106
304	ENSMUSG00000092761.1	Mir5120
308	ENSMUSG00000087844.1	Mir1958
309	ENSMUSG00000065544.1	Mir32
310	ENSMUSG00000093293.1	Mir3095
311	ENSMUSG00000070102.1	Mir455
314	ENSMUSG00000070077.2	Mir491
315	ENSMUSG00000065408.1	Mir31
316	ENSMUSG00000098563.1	Mir6402
317	ENSMUSG00000077921.1	Mir872
320	ENSMUSG00000065451.1	Mir101a
323	ENSMUSG00000076444.1	Mir761
325	ENSMUSG00000098596.1	Mir7226
326	ENSMUSG00000088552.1	Mir1957a
327	ENSMUSG00000065490.1	Mir30c-1
328	ENSMUSG00000065409.1	Mir30e
329	ENSMUSG00000106436.1	Mir7015
330	ENSMUSG00000076271.1	Mir697
331	ENSMUSG00000076119.1	Mir698
332	ENSMUSG00000094403.1	Mir692-2
333	ENSMUSG00000098831.1	Mir7119
334	ENSMUSG00000099070.1	Mir8119
335	ENSMUSG00000098422.1	Mir7016
337	ENSMUSG00000099202.1	Mir7017
338	ENSMUSG00000092745.1	Mir5122
339	ENSMUSG00000104566.1	Mir7227
341	ENSMUSG00000099289.1	Mir6403
342	ENSMUSG00000076123.1	Mir700
343	ENSMUSG00000099134.1	Mir7018
344	ENSMUSG00000098513.1	Mir6399
345	ENSMUSG00000099200.1	Mir7019
347	ENSMUSG00000098569.1	Mir7020
349	ENSMUSG00000089294.1	Mir2139
351	ENSMUSG00000106597.1	Mir7021
352	ENSMUSG00000099043.1	Mir7022
353	ENSMUSG00000093403.1	Mir5616
354	ENSMUSG00000098580.1	Mir7023
356	ENSMUSG00000065427.1	Mir429
357	ENSMUSG00000065400.1	Mir200a
358	ENSMUSG00000065549.3	Mir200b
362	ENSMUSG00000098954.1	Mir7658
366	ENSMUSG00000077896.1	Mir879
368	ENSMUSG00000076387.1	Mir671
370	ENSMUSG00000088113.1	Mir1960
371	ENSMUSG00000093710.1	Mir5625
372	ENSMUSG00000099301.1	Mir3473e
373	ENSMUSG00000098830.1	Mir7024
374	ENSMUSG00000099082.1	Mir7036b
375	ENSMUSG00000093097.1	Mir3097
376	ENSMUSG00000065603.1	Mir218-1
377	ENSMUSG00000099124.1	Mir8117
378	ENSMUSG00000077042.2	Mir574
380	ENSMUSG00000099060.1	Mir7025
381	ENSMUSG00000093061.1	Mir5098
384	ENSMUSG00000093690.1	Mir5619
386	ENSMUSG00000099284.1	Mir7026
387	ENSMUSG00000076163.1	Mir701
388	ENSMUSG00000098731.1	Mir7027
389	ENSMUSG00000098656.1	Mir7028
390	ENSMUSG00000099047.1	Mir7029
391	ENSMUSG00000099254.1	Mir7030
392	ENSMUSG00000099063.1	Mir7031
393	ENSMUSG00000099324.1	Mir8115
394	ENSMUSG00000098951.1	Mir7647
396	ENSMUSG00000098454.1	Mir7032
400	ENSMUSG00000099212.1	Mir7033
401	ENSMUSG00000099197.1	Mir7034
402	ENSMUSG00000099003.1	Mir7035
403	ENSMUSG00000106479.1	Mir721
404	ENSMUSG00000076240.1	Mir702
405	ENSMUSG00000099145.1	Mir8116
406	ENSMUSG00000098624.1	Mir7036
407	ENSMUSG00000098597.1	Mir6418
409	ENSMUSG00000065394.1	Mir25
410	ENSMUSG00000065527.1	Mir93
411	ENSMUSG00000065514.1	Mir106b
412	ENSMUSG00000065593.1	Mir339
413	ENSMUSG00000098574.1	Mir7037
414	ENSMUSG00000098319.1	Mir7038
415	ENSMUSG00000098822.1	Mir7039
416	ENSMUSG00000076357.2	Mir653
417	ENSMUSG00000070107.1	Mir489
420	ENSMUSG00000076067.1	Mir592
421	ENSMUSG00000065469.1	Mir129-1
425	ENSMUSG00000065501.1	Mir335
427	ENSMUSG00000070075.1	Mir490
428	ENSMUSG00000098285.1	Mir7670
429	ENSMUSG00000076060.1	Mir704
430	ENSMUSG00000099221.1	Mir6371
431	ENSMUSG00000065443.1	Mir196b
434	ENSMUSG00000099035.1	Mir7040
435	ENSMUSG00000099045.1	Mir6374
436	ENSMUSG00000076012.1	Mir705
439	ENSMUSG00000098531.1	Mir7041
443	ENSMUSG00000105697.1	Mir7661
445	ENSMUSG00000106581.1	Mir7042
446	ENSMUSG00000099163.1	Mir7660
447	ENSMUSG00000098334.1	Mir7043
449	ENSMUSG00000098583.1	Mir7044
450	ENSMUSG00000076217.1	Mir706
453	ENSMUSG00000106580.1	Mir7231
454	ENSMUSG00000065474.1	Mir141
455	ENSMUSG00000065462.3	Mir200c
456	ENSMUSG00000098762.1	Mir7045
457	ENSMUSG00000093157.1	Mir3098
458	ENSMUSG00000098856.1	Mir8113
460	ENSMUSG00000098359.1	Mir7649
465	ENSMUSG00000104747.1	Mir292b
467	ENSMUSG00000093290.1	Mir3572
473	ENSMUSG00000092815.1	Mir3099
474	ENSMUSG00000092659.1	Mir3100
475	ENSMUSG00000065543.1	Mir330
476	ENSMUSG00000076315.2	Mir343
478	ENSMUSG00000098802.1	Mir7046
479	ENSMUSG00000099258.1	Mir7047
480	ENSMUSG00000098441.1	Mir6537
481	ENSMUSG00000098325.1	Mir7048
483	ENSMUSG00000093348.1	Mir3101
485	ENSMUSG00000080533.1	Mir1191
486	ENSMUSG00000098558.1	Mir7049
488	ENSMUSG00000089219.1	Mir1963
489	ENSMUSG00000089139.1	Mir1964
491	ENSMUSG00000098783.1	Mir7050
492	ENSMUSG00000099210.1	Mir7051
494	ENSMUSG00000098661.1	Mir7052
495	ENSMUSG00000099330.1	Mir7053
496	ENSMUSG00000076051.1	Mir707
497	ENSMUSG00000098839.1	Mir7054
498	ENSMUSG00000105913.1	Mir5121
500	ENSMUSG00000106470.1	Mir7055
502	ENSMUSG00000098960.1	Mir7056
503	ENSMUSG00000099203.1	Mir6389
506	ENSMUSG00000095292.1	Mir344d-3
508	ENSMUSG00000077869.1	Mir344e
509	ENSMUSG00000094173.1	Mir344h-1
510	ENSMUSG00000096189.1	Mir344h-2
512	ENSMUSG00000092921.1	Mir344b
513	ENSMUSG00000077107.1	Mir344c
514	ENSMUSG00000065568.1	Mir344
515	ENSMUSG00000093187.1	Mir344-2
516	ENSMUSG00000065585.1	Mir211
518	ENSMUSG00000098353.1	Mir7057
519	ENSMUSG00000105381.1	Mir7234
520	ENSMUSG00000093238.1	Mir9-3
521	ENSMUSG00000104618.1	Mir1839
525	ENSMUSG00000076143.1	Mir708
526	ENSMUSG00000099030.1	Mir6394
527	ENSMUSG00000065571.1	Mir326
528	ENSMUSG00000093296.1	Mir3102
529	ENSMUSG00000065446.1	Mir139
538	ENSMUSG00000099017.1	Mir7058
539	ENSMUSG00000098540.1	Mir7059
540	ENSMUSG00000098267.1	Mir7060
542	ENSMUSG00000093215.1	Mir3103
544	ENSMUSG00000104914.1	Mir7061
546	ENSMUSG00000088141.1	Mir1962
547	ENSMUSG00000105165.1	mmu-mir-7686
548	ENSMUSG00000065502.1	Mir202
549	ENSMUSG00000099092.1	Mir7062
550	ENSMUSG00000098759.1	Mir7063
551	ENSMUSG00000092652.1	Mir3104
552	ENSMUSG00000076275.1	Mir675
553	ENSMUSG00000070140.1	Mir483
555	ENSMUSG00000098593.1	Mir7064
556	ENSMUSG00000093221.1	Mir3105
557	ENSMUSG00000098917.1	Mir7654
559	ENSMUSG00000104958.1	Mir7238
563	ENSMUSG00000098532.1	Mir7065
564	ENSMUSG00000088054.1	Mir1968
567	ENSMUSG00000093142.1	Mir3106
569	ENSMUSG00000070084.3	Mir486
570	ENSMUSG00000106471.1	Mir3107
571	ENSMUSG00000099142.1	Mir8108
574	ENSMUSG00000065457.3	Mir383
575	ENSMUSG00000098431.1	Mir7666
580	ENSMUSG00000099042.1	Mir7066
581	ENSMUSG00000098710.1	Mir7067
583	ENSMUSG00000098976.1	Mir6769b
584	ENSMUSG00000099079.1	Mir7068
587	ENSMUSG00000098465.1	Mir1668
588	ENSMUSG00000080665.1	Mir1199
589	ENSMUSG00000076144.1	Mir709
591	ENSMUSG00000076338.1	Mir181d
592	ENSMUSG00000065483.2	Mir181c
593	ENSMUSG00000098331.1	Mir7069
595	ENSMUSG00000099076.1	Mir7070
597	ENSMUSG00000099080.1	Mir7071
598	ENSMUSG00000065512.3	Mir138-2
599	ENSMUSG00000098511.1	Mir7072
600	ENSMUSG00000106145.1	Mir7073
603	ENSMUSG00000089432.1	Mir1966
604	ENSMUSG00000099131.1	Mir7074
605	ENSMUSG00000098671.1	Mir7075
606	ENSMUSG00000065439.1	Mir140
607	ENSMUSG00000093241.1	Mir3108
610	ENSMUSG00000093087.1	Mir3473d
611	ENSMUSG00000099129.1	Mir7076
612	ENSMUSG00000099062.1	Mir7077
613	ENSMUSG00000098483.1	Mir7078
614	ENSMUSG00000098280.1	Mir7687
615	ENSMUSG00000099140.1	Mir7237
616	ENSMUSG00000098550.1	Mir7079
617	ENSMUSG00000098582.1	Mir7080
618	ENSMUSG00000088414.1	Mir1967
622	ENSMUSG00000098500.1	Mir6396
627	ENSMUSG00000084523.1	Mir1903
629	ENSMUSG00000093615.1	Mir5618
634	ENSMUSG00000105847.1	mmu-mir-7650
638	ENSMUSG00000099147.1	Mir7081
639	ENSMUSG00000084663.1	Mir1900
640	ENSMUSG00000098907.1	Mir7082
642	ENSMUSG00000098473.1	Mir7083
643	ENSMUSG00000098646.1	Mir7084
646	ENSMUSG00000093011.1	Mir100
647	ENSMUSG00000092770.1	Mirlet7a-2
648	ENSMUSG00000093354.1	Mir125b-1
654	ENSMUSG00000099309.1	Mir7085
655	ENSMUSG00000098361.1	Mir7086
656	ENSMUSG00000098327.1	Mir7087
657	ENSMUSG00000093441.1	Mir5710
659	ENSMUSG00000092696.1	Mir5133
662	ENSMUSG00000076379.2	Mir190a
663	ENSMUSG00000093042.1	Mir3109
668	ENSMUSG00000098251.1	Mir7656
669	ENSMUSG00000098521.1	Mir7243
671	ENSMUSG00000065407.1	Mir135a-1
672	ENSMUSG00000065440.1	Mirlet7g
674	ENSMUSG00000098787.1	Mir7088
676	ENSMUSG00000105497.1	Mir191
677	ENSMUSG00000065579.1	Mir425
679	ENSMUSG00000076142.1	Mir711
680	ENSMUSG00000098490.1	Mir7089
681	ENSMUSG00000099275.1	Mir8107
682	ENSMUSG00000065441.2	Mir128-2
683	ENSMUSG00000065513.1	Mir26a-1
684	ENSMUSG00000106193.1	Mir7090
685	ENSMUSG00000098922.1	Mir8106
686	ENSMUSG00000065414.1	Mir138-1
688	ENSMUSG00000093060.1	Mir5104
689	ENSMUSG00000098714.1	Mir7663
690	ENSMUSG00000099181.1	Mir6905
693	ENSMUSG00000089260.1	Mir1929
696	ENSMUSG00000105468.1	Mir6906
699	ENSMUSG00000099185.1	Mir7662
700	ENSMUSG00000098817.1	Mir6409
701	ENSMUSG00000076068.1	Mir678
702	ENSMUSG00000089424.1	Mir1930
704	ENSMUSG00000098885.1	Mir7659
705	ENSMUSG00000098376.1	Mir6907
706	ENSMUSG00000098932.1	Mir6410
707	ENSMUSG00000098279.1	Mir6908
708	ENSMUSG00000098414.1	Mir6909
709	ENSMUSG00000098562.1	Mir6910
710	ENSMUSG00000098672.1	Mir6911
711	ENSMUSG00000099283.1	Mir6912
713	ENSMUSG00000087993.1	Mir1982
714	ENSMUSG00000092781.1	Mir3057
715	ENSMUSG00000098811.1	Mir6913
717	ENSMUSG00000105379.1	Mir1191b
720	ENSMUSG00000065524.1	Mir135a-2
721	ENSMUSG00000093227.1	Mir1251
723	ENSMUSG00000089214.1	Mir1931
724	ENSMUSG00000065607.1	Mir331
725	ENSMUSG00000098544.1	Mir7211
726	ENSMUSG00000092867.1	Mir3058
727	ENSMUSG00000092952.1	Mir3059
730	ENSMUSG00000076448.1	Mir763
733	ENSMUSG00000099225.1	Mir8104
734	ENSMUSG00000065406.3	Mirlet7i
736	ENSMUSG00000065430.1	Mir26a-2
737	ENSMUSG00000072837.1	Mir546
738	ENSMUSG00000104755.1	Mir677
739	ENSMUSG00000098701.1	Mir6914
740	ENSMUSG00000106600.1	Mir6915
742	ENSMUSG00000099292.1	Mir6916
744	ENSMUSG00000098592.1	Mir6917
745	ENSMUSG00000093080.1	Mir3060
746	ENSMUSG00000098296.1	Mir6918
748	ENSMUSG00000098516.1	Mir7651
750	ENSMUSG00000089555.1	Mir1933
753	ENSMUSG00000065539.1	Mir216a
754	ENSMUSG00000065415.1	Mir217
755	ENSMUSG00000065583.1	Mir218-2
756	ENSMUSG00000065553.1	Mir103-1
758	ENSMUSG00000098942.1	Mir8100
759	ENSMUSG00000065417.1	Mir340
760	ENSMUSG00000098474.1	Mir6919
762	ENSMUSG00000092870.1	Mir3061
763	ENSMUSG00000105908.1	Mir6920
764	ENSMUSG00000098906.1	Mir7652
765	ENSMUSG00000098547.1	Mir6921
766	ENSMUSG00000099259.1	Mir6922
768	ENSMUSG00000092734.1	Mir5100
770	ENSMUSG00000076460.1	Mir744
771	ENSMUSG00000098855.1	Mir6923
772	ENSMUSG00000092727.1	Mir3062
774	ENSMUSG00000104996.1	Mir6924
775	ENSMUSG00000065534.1	Mir324
776	ENSMUSG00000099109.1	Mir7115
777	ENSMUSG00000105932.1	Mir6925
780	ENSMUSG00000098317.1	Mir6926
781	ENSMUSG00000065590.1	Mir212
782	ENSMUSG00000065537.2	Mir132
784	ENSMUSG00000065529.1	Mir22
786	ENSMUSG00000093100.1	Mir3971
787	ENSMUSG00000065518.2	Mir423
788	ENSMUSG00000099101.1	Mir7653
789	ENSMUSG00000098840.1	Mir7679
792	ENSMUSG00000065455.1	Mir21a
793	ENSMUSG00000065589.1	Mir301
794	ENSMUSG00000105196.1	Mir142
795	ENSMUSG00000093358.1	Mir3063
796	ENSMUSG00000065515.1	Mir152
797	ENSMUSG00000098769.1	Mir8103
798	ENSMUSG00000099286.1	Mir7235
800	ENSMUSG00000098881.1	Mir6927
804	ENSMUSG00000093176.1	Mir5119
805	ENSMUSG00000104854.1	Mir7116
806	ENSMUSG00000098415.1	Mir6928
808	ENSMUSG00000098600.1	Mir6929
810	ENSMUSG00000098863.1	Mir8101
811	ENSMUSG00000098774.1	Mir6930
813	ENSMUSG00000098613.1	Mir6931
817	ENSMUSG00000093273.2	Mir3064
819	ENSMUSG00000098497.1	Mir6932
821	ENSMUSG00000093539.1	Mir5621
822	ENSMUSG00000104740.1	Mir6516
823	ENSMUSG00000098958.1	Mir6933
825	ENSMUSG00000098704.1	Mir6934
826	ENSMUSG00000065600.1	Mir338
830	ENSMUSG00000098955.1	Mir6935
831	ENSMUSG00000098282.1	Mir6936
832	ENSMUSG00000098981.1	Mir7236
834	ENSMUSG00000098879.1	Mir7675
836	ENSMUSG00000098480.1	Mir6387
838	ENSMUSG00000093037.1	Mir3066
839	ENSMUSG00000098771.1	Mir6538
840	ENSMUSG00000098579.1	Mir6937
842	ENSMUSG00000089371.1	Mir1938
843	ENSMUSG00000106344.1	Mir1892
847	ENSMUSG00000076065.1	Mir681
849	ENSMUSG00000092922.1	Mir5101
850	ENSMUSG00000105972.1	Mir1843a
852	ENSMUSG00000092673.1	Mir3067
853	ENSMUSG00000098263.1	Mir6938
857	ENSMUSG00000105428.1	Mir3068
859	ENSMUSG00000080575.2	Mir1190
861	ENSMUSG00000089324.1	Mir1936
864	ENSMUSG00000106366.1	Mir3069
866	ENSMUSG00000065436.1	Mir342
867	ENSMUSG00000065429.1	Mir345
868	ENSMUSG00000084535.1	Mir1906-1
869	ENSMUSG00000076451.1	Mir770
870	ENSMUSG00000070129.2	Mir3071
871	ENSMUSG00000070101.1	Mir341
872	ENSMUSG00000080406.1	Mir1188
874	ENSMUSG00000065433.1	Mir370
875	ENSMUSG00000065428.4	Mir382
876	ENSMUSG00000065426.3	Mir134
877	ENSMUSG00000099236.2	Mir668
878	ENSMUSG00000070128.3	Mir485
879	ENSMUSG00000077925.1	Mir453
880	ENSMUSG00000065448.2	Mir154
881	ENSMUSG00000070136.1	Mir496a
882	ENSMUSG00000065438.2	Mir377
883	ENSMUSG00000076052.1	Mir541
884	ENSMUSG00000105849.1	Mir409
885	ENSMUSG00000065570.1	Mir412
886	ENSMUSG00000065561.2	Mir369
887	ENSMUSG00000065497.1	Mir410
888	ENSMUSG00000093351.1	Mir3072
889	ENSMUSG00000080356.1	Mir1247
890	ENSMUSG00000093090.1	Mir3073a
891	ENSMUSG00000098380.1	Mir6939
892	ENSMUSG00000099165.1	Mir6940
893	ENSMUSG00000098338.1	Mir6941
895	ENSMUSG00000105438.1	Mir7094-1
896	ENSMUSG00000098357.1	Mir7094-2
899	ENSMUSG00000065538.1	Mir153
900	ENSMUSG00000098790.1	Mir6942
901	ENSMUSG00000084590.1	Mir1896
903	ENSMUSG00000099158.1	Mir6368
904	ENSMUSG00000093269.1	Mir5124a
905	ENSMUSG00000065453.1	Mirlet7d
906	ENSMUSG00000105621.1	Mirlet7f-1
907	ENSMUSG00000065421.3	Mirlet7a-1
909	ENSMUSG00000099058.1	Mir6943
910	ENSMUSG00000098341.1	Mir6944
911	ENSMUSG00000099096.1	Mir6945
912	ENSMUSG00000077962.1	Mir874
913	ENSMUSG00000098258.1	Mir6369
914	ENSMUSG00000065434.1	Mir7-1
916	ENSMUSG00000065599.2	Mir23b
917	ENSMUSG00000065475.2	Mir27b
918	ENSMUSG00000105904.1	Mir24-1
919	ENSMUSG00000092741.2	Mir3074-1
921	ENSMUSG00000076033.1	Mir692-3
922	ENSMUSG00000076236.1	Mir682
925	ENSMUSG00000065424.2	Mir9-2
927	ENSMUSG00000093480.1	Mir5624
930	ENSMUSG00000076946.2	Mir582
931	ENSMUSG00000084651.1	Mir1904
932	ENSMUSG00000076146.1	Mir449c
933	ENSMUSG00000078027.1	Mir449b
934	ENSMUSG00000065575.1	Mir449a
936	ENSMUSG00000098602.1	Mir6946
937	ENSMUSG00000093081.1	Mir3075
938	ENSMUSG00000098751.1	Mir7672
939	ENSMUSG00000104926.1	Mir6947
940	ENSMUSG00000093156.1	Mir3076
941	ENSMUSG00000065481.1	Mir346
943	ENSMUSG00000093167.1	Mir5131
944	ENSMUSG00000076128.1	Mir686
945	ENSMUSG00000106169.1	Mir6948
946	ENSMUSG00000065432.1	Mir208a
947	ENSMUSG00000077928.1	Mir208b
948	ENSMUSG00000098961.1	Mir6949
949	ENSMUSG00000092784.1	Mir3077
950	ENSMUSG00000076270.1	Mir719
952	ENSMUSG00000092995.1	Mir16-1
953	ENSMUSG00000093007.1	Mir15a
954	ENSMUSG00000099245.1	Mir8098
955	ENSMUSG00000098858.1	Mir6541
956	ENSMUSG00000076049.4	Mir598
957	ENSMUSG00000065597.1	Mir124a-1
958	ENSMUSG00000092972.1	Mir3078
959	ENSMUSG00000098866.1	Mir6539
960	ENSMUSG00000098666.1	Mir6950
961	ENSMUSG00000076121.1	Mir687
965	ENSMUSG00000092901.1	Mir5130
966	ENSMUSG00000098780.1	Mir6390
967	ENSMUSG00000065508.1	Mir17
968	ENSMUSG00000065403.1	Mir18
969	ENSMUSG00000065416.1	Mir19a
970	ENSMUSG00000065442.1	Mir20a
971	ENSMUSG00000076256.1	Mir19b-1
972	ENSMUSG00000076062.1	Mir92-1
973	ENSMUSG00000098612.1	Mir6241
974	ENSMUSG00000098433.1	Mir6391
976	ENSMUSG00000084592.1	Mir1898
981	ENSMUSG00000098719.1	Mir7212
982	ENSMUSG00000098416.1	Mir7117
983	ENSMUSG00000098457.1	Mir8097
985	ENSMUSG00000099110.1	Mir6951
986	ENSMUSG00000084458.1	Mir1907
987	ENSMUSG00000104794.1	Mir28c
988	ENSMUSG00000065437.1	Mir30d
989	ENSMUSG00000065612.1	Mir151
991	ENSMUSG00000098451.1	Mir6952
992	ENSMUSG00000087899.1	Mir1942
993	ENSMUSG00000098625.1	Mir6953
994	ENSMUSG00000099260.1	Mir6954
995	ENSMUSG00000098996.1	Mir7676-1
996	ENSMUSG00000099059.1	Mir7676-2
997	ENSMUSG00000099267.1	Mir6955
998	ENSMUSG00000099180.1	Mir6956
999	ENSMUSG00000088901.1	Mir1943
1001	ENSMUSG00000099222.1	Mir7213
1003	ENSMUSG00000098631.1	Mir6957
1004	ENSMUSG00000092868.1	Mir5113
1006	ENSMUSG00000065465.1	Mir33
1007	ENSMUSG00000098677.1	Mir7684
1011	ENSMUSG00000092751.1	Mir3080
1012	ENSMUSG00000098882.1	Mir6392
1013	ENSMUSG00000080441.1	Mir1249
1014	ENSMUSG00000065608.1	Mirlet7c-2
1015	ENSMUSG00000065564.1	Mirlet7b
1016	ENSMUSG00000106328.1	Mir7118
1017	ENSMUSG00000098663.1	Mir6958
1018	ENSMUSG00000098442.1	Mir6959
1019	ENSMUSG00000099319.1	Mir7648
1021	ENSMUSG00000106463.1	Mir1291
1022	ENSMUSG00000098698.1	Mir6960
1023	ENSMUSG00000098527.1	Mir6961
1024	ENSMUSG00000106563.1	Mir6962
1025	ENSMUSG00000088459.1	Mir1941
1026	ENSMUSG00000076009.1	Mir688
1027	ENSMUSG00000065488.2	Mir196a-2
1028	ENSMUSG00000076010.1	Mir615
1029	ENSMUSG00000065560.1	Mir148b
1030	ENSMUSG00000098419.1	Mir6963
1033	ENSMUSG00000098675.1	Mir6364
1036	ENSMUSG00000065572.1	Mir130b
1037	ENSMUSG00000076288.1	Mir301b
1038	ENSMUSG00000080452.3	Mir1306
1040	ENSMUSG00000065464.2	Mir185
1042	ENSMUSG00000080669.1	Mir1224
1043	ENSMUSG00000098400.1	Mir7680
1044	ENSMUSG00000099071.1	Mir8095
1046	ENSMUSG00000065494.1	Mir28a
1047	ENSMUSG00000076064.1	Mir690
1049	ENSMUSG00000088860.1	Mir1947
1054	ENSMUSG00000098300.1	Mir6540
1055	ENSMUSG00000076372.2	Mir568
1057	ENSMUSG00000093046.1	Mir3081
1061	ENSMUSG00000104758.1	Mir691
1062	ENSMUSG00000065530.1	Mir99a
1063	ENSMUSG00000065557.3	Mirlet7c-1
1064	ENSMUSG00000065472.1	Mir125b-2
1065	ENSMUSG00000065397.1	Mir155
1068	ENSMUSG00000105138.1	Mir6964
1070	ENSMUSG00000065396.1	Mir99b
1071	ENSMUSG00000105758.1	Mirlet7e
1072	ENSMUSG00000065479.2	Mir125a
1073	ENSMUSG00000092981.1	Mir5125
1074	ENSMUSG00000093270.1	Mir5134
1075	ENSMUSG00000099123.1	Mir6965
1077	ENSMUSG00000093202.2	Mir3547
1078	ENSMUSG00000098329.1	Mir6966
1079	ENSMUSG00000093076.1	Mir3082
1081	ENSMUSG00000098510.1	Mir6968
1082	ENSMUSG00000098826.1	Mir7677
1083	ENSMUSG00000105142.1	Mir7214
1084	ENSMUSG00000099237.1	Mir7216
1085	ENSMUSG00000106578.1	Mir7217
1086	ENSMUSG00000106215.1	Mir7218
1087	ENSMUSG00000099152.1	Mir6969
1088	ENSMUSG00000098764.1	Mir7667
1094	ENSMUSG00000098458.1	Mir6971
1095	ENSMUSG00000098460.1	Mir6970
1096	ENSMUSG00000098445.1	Mir6972
1098	ENSMUSG00000098291.1	Mir6973a
1099	ENSMUSG00000099006.1	Mir6974
1100	ENSMUSG00000098499.1	Mir6975
1101	ENSMUSG00000098269.1	Mir8094
1102	ENSMUSG00000084751.1	Mir1894
1103	ENSMUSG00000077931.1	Mir877
1104	ENSMUSG00000076141.1	Mir693
1105	ENSMUSG00000106514.1	Mir6976
1106	ENSMUSG00000098339.1	Mir6977
1107	ENSMUSG00000099066.1	Mir6978
1109	ENSMUSG00000093508.1	Mir5709
1112	ENSMUSG00000084514.1	Mir1893
1113	ENSMUSG00000080662.1	Mir1b
1114	ENSMUSG00000065399.2	Mir133a-1
1115	ENSMUSG00000106348.1	Mir1a-2
1116	ENSMUSG00000084565.1	Mir1901
1117	ENSMUSG00000087950.1	Mir1948
1118	ENSMUSG00000105743.1	Mir1949
1122	ENSMUSG00000098706.1	Mir6979
1123	ENSMUSG00000098608.1	Mir6981
1124	ENSMUSG00000098297.1	Mir6980
1130	ENSMUSG00000093327.1	Mir5107
1131	ENSMUSG00000098247.1	Mir7220
1132	ENSMUSG00000098475.1	Mir6982
1133	ENSMUSG00000098389.1	Mir6983
1134	ENSMUSG00000105200.1	Mir378a
1135	ENSMUSG00000065402.1	Mir122
1136	ENSMUSG00000076147.1	Mir694
1137	ENSMUSG00000098253.1	Mir7219
1140	ENSMUSG00000092638.1	Mir5112
1141	ENSMUSG00000098676.1	Mir6359
1142	ENSMUSG00000099261.1	Mir6984
1143	ENSMUSG00000099290.1	Mir6985
1144	ENSMUSG00000098346.1	Mir6986
1146	ENSMUSG00000098568.1	Mir6987
1147	ENSMUSG00000098928.1	Mir6988
1148	ENSMUSG00000099230.1	Mir6989
1149	ENSMUSG00000104884.1	Mir5046
1150	ENSMUSG00000098413.1	Mir6990
1151	ENSMUSG00000098293.1	Mir6991
1153	ENSMUSG00000098844.1	Mir6992
1154	ENSMUSG00000098363.1	Mir6993
1155	ENSMUSG00000104979.1	Mir6994
1156	ENSMUSG00000065507.3	Mir204
1157	ENSMUSG00000080626.1	Mir1192
1158	ENSMUSG00000104890.1	Mir3084-1
1159	ENSMUSG00000065556.1	Mir101b
1162	ENSMUSG00000065594.1	Mir107
1163	ENSMUSG00000089151.1	Mir1950
1164	ENSMUSG00000093315.1	Mir5114
1165	ENSMUSG00000098952.1	Mir6405
1166	ENSMUSG00000070127.2	Mir146b
1167	ENSMUSG00000098786.1	Mir6995
1168	ENSMUSG00000099069.1	Mir8090
1172	ENSMUSG00000098730.1	Mir6407
1173	ENSMUSG00000098289.1	Mir6715
1174	ENSMUSG00000093757.1	Mir5623
1175	ENSMUSG00000092813.1	Mir3086
1176	ENSMUSG00000105118.1	mmu-mir-3084-1
1178	ENSMUSG00000070108.2	Mir500
1179	ENSMUSG00000076251.1	Mir501
1180	ENSMUSG00000070100.1	Mir362
1181	ENSMUSG00000065398.1	Mir188
1182	ENSMUSG00000070139.1	Mir532
1183	ENSMUSG00000080645.1	Mir1198
1184	ENSMUSG00000093408.1	Mir5617
1188	ENSMUSG00000105738.1	Mir6384
1189	ENSMUSG00000076214.1	Mir717
1190	ENSMUSG00000092787.1	Mir5116
1191	ENSMUSG00000070110.2	Mir504
1192	ENSMUSG00000070081.2	Mir505
1194	ENSMUSG00000065542.1	Mir224
1195	ENSMUSG00000070138.1	Mir452
1196	ENSMUSG00000076455.1	Mir767
1197	ENSMUSG00000077847.1	Mir105
1198	ENSMUSG00000089357.1	Mir2137
1199	ENSMUSG00000092907.1	Mir5132
1200	ENSMUSG00000099226.1	Mir7091
1201	ENSMUSG00000106409.1	Mir7092
1203	ENSMUSG00000084559.1	Mir1906-2
1204	ENSMUSG00000099072.1	Mir7673
1205	ENSMUSG00000076066.1	Mir223
1207	ENSMUSG00000076398.1	Mir676
1208	ENSMUSG00000065509.3	Mir421
1209	ENSMUSG00000076269.1	Mir374b
1210	ENSMUSG00000076286.1	Mir672
1211	ENSMUSG00000065425.1	Mir325
1213	ENSMUSG00000065510.1	Mir361
1214	ENSMUSG00000093172.1	Mir3112
1215	ENSMUSG00000099272.1	Mir7093
1216	ENSMUSG00000106264.1	Mir7646
1218	ENSMUSG00000076011.1	Mir652
1221	ENSMUSG00000092917.1	Mir3472
1223	ENSMUSG00000076458.1	Mir764
1224	ENSMUSG00000093039.1	Mir1912
1225	ENSMUSG00000093122.1	Mir1264
1226	ENSMUSG00000080331.1	Mir1298
1228	ENSMUSG00000065450.1	Mir448
1229	ENSMUSG00000099172.1	Mir3620
1230	ENSMUSG00000093219.1	Mir3113
1231	ENSMUSG00000065602.1	Mirlet7f-2
1232	ENSMUSG00000065536.2	Mir98
1233	ENSMUSG00000092752.1	Mir3473a
342	ENSMUSG00000098555.1	Mir6341
652	ENSMUSG00000065405.3	Mir30a
768	ENSMUSG00000099257.1	Mir6342
1286	ENSMUSG00000098833.1	Mir6349
1624	ENSMUSG00000098876.1	Mir6350
1837	ENSMUSG00000098443.1	Mir7681
2791	ENSMUSG00000087820.1	Mir1928
2935	ENSMUSG00000065616.3	Mir375
3303	ENSMUSG00000098797.1	Mir6344
3412	ENSMUSG00000093254.1	Mir5126
3526	ENSMUSG00000098634.1	Mir8096
4650	ENSMUSG00000098273.1	Mir6346
6110	ENSMUSG00000099227.1	Mir8114
6509	ENSMUSG00000065160.1	Mir5117
6938	ENSMUSG00000098379.1	Mir6347
6969	ENSMUSG00000098407.1	Mir6348
6971	ENSMUSG00000098829.1	Mir6354
8508	ENSMUSG00000092633.1	Mir3962
9275	ENSMUSG00000099161.1	Mir6419
10121	ENSMUSG00000105799.1	Mir126b
10403	ENSMUSG00000098539.1	Mir133c
10441	ENSMUSG00000065485.1	Mir219a-2
10442	ENSMUSG00000105010.1	Mir219b
10659	ENSMUSG00000093091.1	Mir3089
10907	ENSMUSG00000092807.1	Mir199b
11579	ENSMUSG00000065423.1	Mir181a-2
11581	ENSMUSG00000065578.1	Mir181b-2
11942	ENSMUSG00000098437.1	Mir195b
12241	ENSMUSG00000099184.1	Mir6337
13023	ENSMUSG00000106252.1	Mir684-1
13165	ENSMUSG00000065484.1	Mir130a
14255	ENSMUSG00000099223.1	Mir7221
14256	ENSMUSG00000098406.1	Mir7222
14361	ENSMUSG00000075020.6	Mir670hg
14370	ENSMUSG00000106336.1	Mir129b
15122	ENSMUSG00000076376.1	Mir674
16148	ENSMUSG00000098347.1	Mir6339
16506	ENSMUSG00000093338.1	Mir3090
16596	ENSMUSG00000088983.1	Mir1952
17089	ENSMUSG00000088491.1	Mir1953
17426	ENSMUSG00000076216.1	Mir695
17850	ENSMUSG00000098765.1	Mir7685
18770	ENSMUSG00000098588.1	Mir6340
18791	ENSMUSG00000065521.1	Mir296
18792	ENSMUSG00000065410.1	Mir298
19122	ENSMUSG00000070144.1	Mir1a-1
19123	ENSMUSG00000065460.1	Mir133a-2
19171	ENSMUSG00000065454.2	Mir124a-3
20040	ENSMUSG00000065422.1	Mir221
20041	ENSMUSG00000065471.1	Mir222
20514	ENSMUSG00000092794.1	Mir3110
20833	ENSMUSG00000070106.1	Mir363
20834	ENSMUSG00000065613.1	Mir92-2
20835	ENSMUSG00000065473.1	Mir19b-2
20836	ENSMUSG00000076041.1	Mir20b
20837	ENSMUSG00000077111.2	Mir18b
20838	ENSMUSG00000065456.1	Mir106a
20855	ENSMUSG00000076050.1	Mir450b
20856	ENSMUSG00000065486.1	Mir450-1
20857	ENSMUSG00000076399.1	Mir450-2
20858	ENSMUSG00000076140.1	Mir542
20862	ENSMUSG00000065503.1	Mir351
20863	ENSMUSG00000076122.1	Mir503
20864	ENSMUSG00000065418.1	Mir322
21148	ENSMUSG00000077127.1	Mir743
21149	ENSMUSG00000094184.1	Mir743b
21151	ENSMUSG00000077092.1	Mir742
21152	ENSMUSG00000078017.1	Mir883a
21153	ENSMUSG00000078024.1	Mir883b
21154	ENSMUSG00000070104.1	Mir471
21155	ENSMUSG00000077119.1	Mir741
21156	ENSMUSG00000070078.1	Mir463
21157	ENSMUSG00000078002.1	Mir880
21158	ENSMUSG00000077872.1	Mir878
21159	ENSMUSG00000078038.1	Mir881
21160	ENSMUSG00000096628.1	Mir871
21161	ENSMUSG00000070073.1	Mir470
21162	ENSMUSG00000106642.1	Mir465d
21163	ENSMUSG00000095782.1	Mir465c-1
21164	ENSMUSG00000094894.1	Mir465b-1
21165	ENSMUSG00000095006.1	Mir465c-2
21166	ENSMUSG00000096504.1	Mir465b-2
21167	ENSMUSG00000070071.1	Mir465
21178	ENSMUSG00000065404.1	Mir201
21179	ENSMUSG00000076005.1	Mir547
21181	ENSMUSG00000106233.1	Mir509
21560	ENSMUSG00000076127.1	Mir718
22595	ENSMUSG00000106465.1	Mir374c
22663	ENSMUSG00000065499.1	Mir384
22730	ENSMUSG00000099128.1	Mir6382
23271	ENSMUSG00000088464.1	Mir1970
23300	ENSMUSG00000098493.1	Mir6383
23499	ENSMUSG00000093102.1	Mir3475
23622	ENSMUSG00000076117.1	Mir680-2
24788	ENSMUSG00000100252.6	Mir124-2hg
25341	ENSMUSG00000098862.1	Mir6378
25766	ENSMUSG00000098417.1	Mir6379
26124	ENSMUSG00000098401.1	Mir6377
26429	ENSMUSG00000098944.1	Mir8120
26942	ENSMUSG00000080424.1	Mir466k
27262	ENSMUSG00000084728.1	Mir1905
27482	ENSMUSG00000076255.2	Mir92b
27681	ENSMUSG00000077996.1	Mir190b
28203	ENSMUSG00000098498.1	Mir8099-1
28719	ENSMUSG00000098918.1	Mir6481
29640	ENSMUSG00000089261.1	Mir669n
30149	ENSMUSG00000076252.1	Mir302b
30150	ENSMUSG00000065482.1	Mir302c
30151	ENSMUSG00000065552.1	Mir302a
30152	ENSMUSG00000065447.1	Mir302d
30153	ENSMUSG00000065413.2	Mir367
30599	ENSMUSG00000099011.1	Mir6380
30730	ENSMUSG00000099169.1	Mir7j
30791	ENSMUSG00000098871.1	Mir6381
31083	ENSMUSG00000092830.1	Mir3963
31475	ENSMUSG00000094253.1	Mir3471-2
31660	ENSMUSG00000092880.1	Mir3471-1
31682	ENSMUSG00000105333.1	Mir684-2
32261	ENSMUSG00000106425.1	Mir873b
34926	ENSMUSG00000098980.1	Mir6397
35912	ENSMUSG00000105585.1	Mir30f
36049	ENSMUSG00000099005.1	Mir6398
38387	ENSMUSG00000065493.1	Mir34a
39815	ENSMUSG00000096832.1	Mir3096
40912	ENSMUSG00000080556.1	Mir467g
41032	ENSMUSG00000098884.1	Mir7689
41272	ENSMUSG00000098264.1	Mir6414
41594	ENSMUSG00000098726.1	Mir6417
42718	ENSMUSG00000080586.1	Mir1187
42835	ENSMUSG00000106074.1	Mir3969
43164	ENSMUSG00000099160.1	Mir6415
43192	ENSMUSG00000089268.1	Mir1961
43394	ENSMUSG00000105814.1	Mir703
44442	ENSMUSG00000105778.1	Mir7229
44443	ENSMUSG00000104840.1	Mir7230
44632	ENSMUSG00000098343.1	Mir6240
46247	ENSMUSG00000093311.1	Mir3965
46291	ENSMUSG00000106323.1	Mir7228
47688	ENSMUSG00000098687.1	Mir7k
48551	ENSMUSG00000099149.1	Mir6370
48905	ENSMUSG00000076361.1	Mir182
48906	ENSMUSG00000065586.1	Mir96
48907	ENSMUSG00000065619.2	Mir183
49007	ENSMUSG00000065610.1	Mir29a
49008	ENSMUSG00000065604.2	Mir29b-1
50159	ENSMUSG00000065505.1	Mir148a
51227	ENSMUSG00000098623.1	Mir8112
51571	ENSMUSG00000106154.1	Mir7232
51572	ENSMUSG00000106253.1	Mir468
51683	ENSMUSG00000095323.1	Mir3470a
51996	ENSMUSG00000105002.1	Mir6375
52303	ENSMUSG00000099095.1	Mir6376
52989	ENSMUSG00000098533.1	Mir6373
54587	ENSMUSG00000104804.1	Mir7233
54846	ENSMUSG00000076212.1	Mir680-1
55909	ENSMUSG00000077815.1	Mir290a
55910	ENSMUSG00000106340.1	Mir290b
55913	ENSMUSG00000078008.1	Mir291a
55914	ENSMUSG00000078041.1	Mir292
55916	ENSMUSG00000078032.1	Mir291b
55917	ENSMUSG00000078035.1	Mir293
55918	ENSMUSG00000077903.1	Mir294
55919	ENSMUSG00000077886.1	Mir295
56587	ENSMUSG00000093599.1	Mir5620
56758	ENSMUSG00000094316.1	Mir297-1
59041	ENSMUSG00000098873.1	Mir7668
59285	ENSMUSG00000098553.1	Mir3569
60712	ENSMUSG00000065495.1	Mir150
61454	ENSMUSG00000099176.1	Mir6238
61861	ENSMUSG00000092847.1	Mir344d-1
61862	ENSMUSG00000096893.1	Mir344d-2
61885	ENSMUSG00000092850.1	Mir344g
61887	ENSMUSG00000093108.1	Mir344f
61889	ENSMUSG00000095154.1	Mir344i
61956	ENSMUSG00000098910.1	Mir6416
62501	ENSMUSG00000065609.1	Mir7-2
62577	ENSMUSG00000097023.8	Mir9-3hg
66616	ENSMUSG00000076454.1	Mir762
67374	ENSMUSG00000098619.1	Mir6401
67720	ENSMUSG00000065551.1	Mir210
68268	ENSMUSG00000099321.1	Mir6404
68986	ENSMUSG00000098887.1	Mir6413
69829	ENSMUSG00000093298.1	Mir3473b
70487	ENSMUSG00000099279.1	Mir6408
70490	ENSMUSG00000080526.1	Mir466j
70569	ENSMUSG00000093017.1	Mir5108
70670	ENSMUSG00000105329.1	Mir7215
72191	ENSMUSG00000106347.1	Mir5615-1
72192	ENSMUSG00000093498.1	Mir5615-2
73077	ENSMUSG00000098679.1	Mir7688
73285	ENSMUSG00000105557.1	Mir3966
73519	ENSMUSG00000099264.1	Mir6411
74168	ENSMUSG00000098522.1	Mir6412
74246	ENSMUSG00000098756.1	Mir378d
74614	ENSMUSG00000098957.1	Mir8105
76506	ENSMUSG00000098785.1	Mir6395
77374	ENSMUSG00000076042.1	Mir710
77860	ENSMUSG00000099031.1	Mir7240
77907	ENSMUSG00000088248.1	Mir1969
78201	ENSMUSG00000093140.1	Mir28b
78586	ENSMUSG00000098823.1	Mir8111
78627	ENSMUSG00000065611.1	Mir23a
78628	ENSMUSG00000065444.1	Mir27a
78629	ENSMUSG00000065541.1	Mir24-2
78630	ENSMUSG00000105458.1	Mir3074-2
78886	ENSMUSG00000098388.1	Mir8109
79029	ENSMUSG00000099078.1	Mir8110
79841	ENSMUSG00000070130.1	Mir328
80353	ENSMUSG00000098410.1	Mir1957b
81282	ENSMUSG00000099326.1	Mir21c
81704	ENSMUSG00000099218.1	Mir5124b
82381	ENSMUSG00000105723.1	Mir7210
83594	ENSMUSG00000105372.1	Mir327
83787	ENSMUSG00000099036.1	Mir378c
85712	ENSMUSG00000097545.7	Mir124a-1hg
86057	ENSMUSG00000065528.1	Mir320
86383	ENSMUSG00000087932.1	Mir1971
86455	ENSMUSG00000076453.1	Mir759
86927	ENSMUSG00000089726.2	Mir17hg
86946	ENSMUSG00000098648.1	Mir6239
87204	ENSMUSG00000106183.1	Mir101c
87351	ENSMUSG00000084747.1	Mir1899
87379	ENSMUSG00000098408.1	Mir6237
88020	ENSMUSG00000065547.1	Mir199a-1
88046	ENSMUSG00000088478.1	Mir1946b
90099	ENSMUSG00000065587.1	Mir34c
90100	ENSMUSG00000065492.1	Mir34b
90139	ENSMUSG00000099311.1	Mir6244
90160	ENSMUSG00000098362.1	Mir130c
90618	ENSMUSG00000098886.1	Mir6385
91264	ENSMUSG00000098937.1	Mir7241
91265	ENSMUSG00000098446.1	Mir7242
91355	ENSMUSG00000093763.1	Mir5626
92326	ENSMUSG00000065596.1	Mir184
92419	ENSMUSG00000098766.1	Mir6386
93099	ENSMUSG00000089406.1	Mir2136
94200	ENSMUSG00000098973.1	Mir6236
94537	ENSMUSG00000080409.1	Mir467h
96231	ENSMUSG00000099015.1	Mir6372
96270	ENSMUSG00000076318.1	Mir216b
96271	ENSMUSG00000106400.1	Mir216c
96651	ENSMUSG00000065601.1	Mir146
96756	ENSMUSG00000099331.1	Mir7239
97038	ENSMUSG00000076450.1	Mir804
97318	ENSMUSG00000099153.1	Mir7671
98340	ENSMUSG00000099174.1	Mir6406
98554	ENSMUSG00000080573.1	Mir467f
98566	ENSMUSG00000088752.1	Mir1934
98822	ENSMUSG00000070109.2	Mir497b
98823	ENSMUSG00000105220.1	Mir497
98824	ENSMUSG00000065411.2	Mir195a
99132	ENSMUSG00000098658.1	Mir6338
99460	ENSMUSG00000085148.1	Mir22hg
99740	ENSMUSG00000065401.1	Mir144
99741	ENSMUSG00000070065.1	Mir451a
99742	ENSMUSG00000104813.1	Mir451b
99939	ENSMUSG00000065395.1	Mir193a
99940	ENSMUSG00000065489.1	Mir365-2
100361	ENSMUSG00000093278.1	Mir5110
100518	ENSMUSG00000084796.1	Mir142hg
100519	ENSMUSG00000065420.2	Mir142b
100601	ENSMUSG00000092985.1	Mir378b
100984	ENSMUSG00000065546.1	Mir196a-1
100998	ENSMUSG00000065519.1	Mir10a
101191	ENSMUSG00000098919.1	Mir8102
102536	ENSMUSG00000098989.1	Mir7223
102883	ENSMUSG00000093096.1	Mir3968
103482	ENSMUSG00000088015.1	Mir1932
103547	ENSMUSG00000105524.1	Mir3065
104539	ENSMUSG00000080574.1	Mir466i
104778	ENSMUSG00000088148.1	Mir1983
106270	ENSMUSG00000095697.1	Mir683-1
106272	ENSMUSG00000094933.1	Mir683-2
107119	ENSMUSG00000096098.1	Mir713
107750	ENSMUSG00000080580.1	Mir466f-4
108185	ENSMUSG00000106655.1	Mir3961
110784	ENSMUSG00000076253.1	Mir680-3
110842	ENSMUSG00000092998.1	Mir5099
110990	ENSMUSG00000093618.1	Mir5627
112059	ENSMUSG00000092738.1	Mir5135
113110	ENSMUSG00000098931.1	Mir8099-2
113851	ENSMUSG00000076316.1	Mir673
113852	ENSMUSG00000077025.2	Mir493
113853	ENSMUSG00000065526.4	Mir337
113854	ENSMUSG00000105210.1	Mir3544
113855	ENSMUSG00000072900.2	Mir540
113856	ENSMUSG00000076313.1	Mir665
113857	ENSMUSG00000095147.1	Mir3070a
113858	ENSMUSG00000094952.1	Mir3070b
113860	ENSMUSG00000070080.1	Mir431
113861	ENSMUSG00000070072.1	Mir433
113862	ENSMUSG00000070076.2	Mir127
113863	ENSMUSG00000070133.1	Mir434
113864	ENSMUSG00000087855.1	Mir432
113866	ENSMUSG00000104858.1	Mir136
113911	ENSMUSG00000077881.1	Mir882
113919	ENSMUSG00000065498.4	Mir379
113920	ENSMUSG00000065477.3	Mir411
113921	ENSMUSG00000106653.1	Mir299a
113922	ENSMUSG00000093291.2	Mir299b
113924	ENSMUSG00000104582.1	Mir380
113925	ENSMUSG00000080687.1	Mir1197
113926	ENSMUSG00000065617.1	Mir323
113927	ENSMUSG00000076459.1	Mir758
113928	ENSMUSG00000065577.1	Mir329
113929	ENSMUSG00000070141.2	Mir494
113930	ENSMUSG00000076145.1	Mir679
113931	ENSMUSG00000080411.1	Mir1193
113932	ENSMUSG00000076272.1	Mir666
113933	ENSMUSG00000076241.2	Mir543
113934	ENSMUSG00000070105.3	Mir495
113935	ENSMUSG00000076396.1	Mir667
113936	ENSMUSG00000076006.2	Mir376c
113937	ENSMUSG00000077980.1	Mir654
113938	ENSMUSG00000105853.1	Mir376b
113940	ENSMUSG00000105178.1	Mir376a
113941	ENSMUSG00000098807.2	Mir300
113942	ENSMUSG00000098838.2	Mir381
113943	ENSMUSG00000076219.1	Mir487b
113945	ENSMUSG00000076063.1	Mir539
113947	ENSMUSG00000077001.2	Mir544
113948	ENSMUSG00000097391.8	Mirg
114245	ENSMUSG00000106228.1	Mir3073b
114246	ENSMUSG00000065574.1	Mir203
114694	ENSMUSG00000098336.1	Mir6388
115474	ENSMUSG00000092639.1	Mir3964
115663	ENSMUSG00000076333.1	Mir599
115664	ENSMUSG00000077890.1	Mir875
116594	ENSMUSG00000065476.2	Mir30b
117032	ENSMUSG00000115946.2	Mirt2
117039	ENSMUSG00000093169.1	Mir3079
118534	ENSMUSG00000098938.1	Mir6393
120479	ENSMUSG00000088544.1	Mir1945
120526	ENSMUSG00000076972.2	Mir193b
120527	ENSMUSG00000065449.1	Mir365-1
120531	ENSMUSG00000099214.1	Mir6365
120606	ENSMUSG00000070074.1	Mir484
121047	ENSMUSG00000099293.1	Mir6366
121604	ENSMUSG00000098448.1	Mir6362
122038	ENSMUSG00000088985.1	Mir1946a
122681	ENSMUSG00000093912.1	Mir3470b
122925	ENSMUSG00000098482.1	Mir6363
122968	ENSMUSG00000093292.1	Mir5118
123485	ENSMUSG00000090386.10	Mir99ahg
123612	ENSMUSG00000097418.7	Mir155hg
123945	ENSMUSG00000099308.1	Mir6367
124114	ENSMUSG00000076457.1	Mir802
124654	ENSMUSG00000076218.1	Mir692-1
126601	ENSMUSG00000093118.1	Mir3083
128063	ENSMUSG00000065555.1	Mir219a-1
128064	ENSMUSG00000105964.1	Mir219c
130134	ENSMUSG00000065491.1	Mir7b
130419	ENSMUSG00000098984.1	Mir6420
130664	ENSMUSG00000080468.2	Mir1195
134193	ENSMUSG00000095438.1	Mir133a-1hg
134557	ENSMUSG00000098607.1	Mir6360
134586	ENSMUSG00000065532.1	Mir187
134791	ENSMUSG00000098252.1	Mir6361
135981	ENSMUSG00000099196.1	Mir1258
136070	ENSMUSG00000098287.1	Mir6355
136211	ENSMUSG00000065592.2	Mir145a
136212	ENSMUSG00000065445.3	Mir143
136685	ENSMUSG00000099300.1	Mir6356
136689	ENSMUSG00000098366.1	Mir145b
136796	ENSMUSG00000098721.1	Mir6357
136928	ENSMUSG00000098276.1	Mir6358
137147	ENSMUSG00000093036.1	Mir5127
138380	ENSMUSG00000065582.1	Mir194-2
138381	ENSMUSG00000065523.1	Mir192
138859	ENSMUSG00000093314.1	Mir5136
139555	ENSMUSG00000098718.1	Mir496b
140180	ENSMUSG00000106278.1	Mir3970
140577	ENSMUSG00000099118.1	Mir8092
140601	ENSMUSG00000098286.1	Mir8091
140684	ENSMUSG00000093234.1	Mir3085
141353	ENSMUSG00000097636.8	Mirt1
